name,category,year,is_laureate
AJFM Brochant de Villiers,,,false
Aage Bohr,Physics,1975,true
Aaron Bendich,,,false
Aaron Ciechenover,Chemistry,2004,true
Aaron Ihde,,,false
Aaron Klug,Chemistry,1982,true
Abdus Salam,Physics,1979,true
Abraham Braude,,,false
Abraham Errara,,,false
Abraham Kastner,,,false
Abraham Werner,,,false
Abram Ioffe,,,false
Ada Yonath,Chemistry,2009,true
Adam Nietzki,,,false
Adam Riess,Physics,2011,true
Adam Sedgwick,,,false
Adolf Butenandt,Chemistry,1939,true
Adolf Claus,,,false
Adolf Lieben,,,false
Adolf Matthias,,,false
Adolf Strecker,,,false
Adolf Svanberg,,,false
Adolf Wagner,,,false
Adolf Windaus,Chemistry,1928,true
Adolf Winkelmann,,,false
Adolf Wullner,,,false
Adolf von Baeyer,Chemistry,1905,true
Adolph Vorstius,,,false
Adolphe Brongniart,,,false
Adolphe Wurtz,,,false
Adriaan Heerebord,,,false
Adriaan Noyons,,,false
Adriaan van Royen,,,false
Adriaan van den Spieghel,,,false
Adrianus Heynsius,,,false
Adrianus van Valckenburg,,,false
Aharon Katzir-Katchalsky,,,false
Ahmed Zewail,Chemistry,1999,true
Aime Cotton,,,false
Akira Suzuki,Chemistry,2010,true
Akiro Yoshino,Chemistry,2019,true
Alain Aspect,Physics,2022,true
Alan Beatty,,,false
Alan Heeger,Chemistry,2000,true
Alan Hodgkin,Medicine,1963,true
Alan MacDiarmid,Chemistry,2000,true
Alan Portis,,,false
Albert Brachet,,,false
Albert Calmette,,,false
Albert Claude,Medicine,1974,true
Albert Cotton,,,false
Albert Crewe,,,false
Albert Dalcq,,,false
Albert Dastre,,,false
Albert Dorfman,,,false
Albert Einstein,Physics,1921,true
Albert Fert,Physics,2007,true
Albert Fischer,,,false
Albert Frey-Wyssling,,,false
Albert Heim,,,false
Albert Hilger,,,false
Albert Hill,,,false
Albert Kluyver,,,false
Albert Ladenburg,,,false
Albert Lehninger,,,false
Albert Mathews,,,false
Albert Michelson,Physics,1907,true
Albert Neuberger,,,false
Albert Prescott,,,false
Albert Rees,,,false
Albert Schultens,,,false
Albert Sievers,,,false
Albert Tucker,,,false
Albert Tyler,,,false
Albert Wills,,,false
Albert von Bezold,,,false
Albert von Graefe,,,false
Albert von Kolliker,,,false
Albert von Szent-Gyorgyi,Medicine,1937,true
Albion Small,,,false
Albrecht Kossel,Medicine,1910,true
Aleksander Borodin,,,false
Aleksandr Dianin,,,false
Aleksandr Lyapunov,,,false
Aleksandr Prokhorov,Physics,1964,true
Alexander Agassiz,,,false
Alexander Braun,,,false
Alexander Brill,,,false
Alexander Brown,,,false
Alexander Classen,,,false
Alexander Davydov,,,false
Alexander Fleming,Medicine,1945,true
Alexander Forbes,,,false
Alexander Friedman,,,false
Alexander Hamilton,,,false
Alexander Muller,Physics,1987,true
Alexander Ogston,,,false
Alexander Rich,,,false
Alexander Robertson,,,false
Alexander Rollett,,,false
Alexander Russell,,,false
Alexander Todd,Chemistry,1957,true
Alexander Williamson,,,false
Alexander Wood,,,false
Alexander de Bie,,,false
Alexander von Humboldt,,,false
Alexandre Besredka,,,false
Alexandre Brongniart,,,false
Alexei Abrikosov,Physics,2003,true
Alexei Filippenko,,,false
Alexis Boyer,,,false
Alexis Carrel,Medicine,1912,true
Alexis Clairaut,,,false
Alfonso Sella,,,false
Alfred Blomquist,,,false
Alfred Cole,,,false
Alfred Cornu,,,false
Alfred Einhorn,,,false
Alfred Fessard,,,false
Alfred Gilman,Medicine,1994,true
Alfred Hershey,Medicine,1969,true
Alfred Hoche,,,false
Alfred Kastler,Physics,1966,true
Alfred Koch,,,false
Alfred Kuhn,,,false
Alfred Mirsky,,,false
Alfred North Whitehead,,,false
Alfred Redfield,,,false
Alfred Richards,,,false
Alfred Schittenhelm,,,false
Alfred Stewart,,,false
Alfred Stock,,,false
Alfred Sturtevant,,,false
Alfred Taylor,,,false
Alfred Tissieres,,,false
Alfred Volkmann,,,false
Alfred Vulpian,,,false
Alfred Weber,,,false
Alfred Werner,Chemistry,1913,true
Alfred Wilhelmi,,,false
Allan Cormack,Medicine,1979,true
Allan Wilson,,,false
Allen Day,,,false
Allen Fraser,,,false
Allen Maxwell,,,false
Allen Wallis,,,false
Allvar Gullstrand,Medicine,1911,true
Allyn Abbott Young,,,false
Almroth White,,,false
Almroth Wright,,,false
Alois Kornmuller,,,false
Alonzo Taylor,,,false
Alphonse de Candolle,,,false
Alvyn Saunders Johnson,,,false
Alwin Pappenheimer,,,false
Amedee Cailliott,,,false
Amos Eaton,,,false
Anders Celsius,,,false
Anders Duhre,,,false
Anders Ekeberg,,,false
Anders Spole,,,false
Andre Cournand,Medicine,1956,true
Andre Geim,Physics,2010,true
Andre Herpin,,,false
Andre Lwoff,Medicine,1965,true
Andre-Marie Ampere,,,false
Andrea Ghez,Physics,2020,true
Andrea Naccari,,,false
Andreas Lipp,,,false
Andreas Marggraf,,,false
Andreas Roeschlaub,,,false
Andreas Rugemer,,,false
Andreas Smits,,,false
Andreas Weiss,,,false
Andreas von Ettingshausen,,,false
Andres Stoppani,,,false
Andrew Fire,Medicine,2006,true
Andrew Forsyth,,,false
Andrew Huxley,Medicine,1963,true
Andrew Lawson,,,false
Andrew Peabody,,,false
Andrew Plummer,,,false
Andrew Schally,Medicine,1977,true
Andrew Sellards,,,false
Andrew White,,,false
Angelo Battelli,,,false
Angelo Mosso,,,false
Anthony Cerami,,,false
Anthony Leggett,Physics,2003,true
Anthony Sims,,,false
Anthony Stanley,,,false
Anthony van der Boon Mesch,,,false
Antoine Francois,,,false
Antoine-Jerome Balard,,,false
Antoine-Laurent de Jussieu,,,false
Antoine-Laurent de Lavoisier,,,false
Antoine-Louis Brongniart,,,false
Anton Biermer,,,false
Anton Carlson,,,false
Anton Dohrn,,,false
Anton Lauterbach,,,false
Anton Plaz,,,false
Anton Weichselbaum,,,false
Anton Zeilinger,Physics,2022,true
Anton de Haen,,,false
Anton van Arkel,,,false
Anton von Storck,,,false
Antonio Cavanilles,,,false
Antonio Pacinotti,,,false
Antonio Pensa,,,false
Antonio Scarpa,,,false
Antonio Valsalvi,,,false
Antonius Brugmans,,,false
Antonius Michels,,,false
Antonius Schultingh,,,false
Antonius Thysius,,,false
Antony Hewish,Physics,1974,true
Archer Martin,Chemistry,1952,true
Archibald Hill,Medicine,1922,true
Archibald Macallum,,,false
Archibald Preece,,,false
Ardem Patapoutian,Medicine,2021,true
Arend Wiegmann,,,false
Arieh Warshel,Chemistry,2013,true
Arlie Todd,,,false
Armand Gautier,,,false
Armen Alchian,,,false
Armin Fiechter,,,false
Armin Tschermak-Seysenegg,,,false
Arne Tiselius,Chemistry,1948,true
Arno Mutolsky,,,false
Arno Penzias,Physics,1978,true
Arnold Dodol-Port,,,false
Arnold Eucken,,,false
Arnold Koningstein,,,false
Arnold Senguerd,,,false
Arnold Sommerfeld,,,false
Arnolf von der Linth,,,false
Arnulf Soltys,,,false
Arthur Allmand,,,false
Arthur Ashkin,Physics,2018,true
Arthur Burns,,,false
Arthur Caylay,,,false
Arthur Chattock,,,false
Arthur Compton,Physics,1927,true
Arthur Cushny,,,false
Arthur Fischer,,,false
Arthur Goldberger,,,false
Arthur Hantzsch,,,false
Arthur Harden,Chemistry,1929,true
Arthur Hertig,,,false
Arthur Hill,,,false
Arthur Hutchinson,,,false
Arthur Kip,,,false
Arthur Kornberg,Medicine,1959,true
Arthur Lapworth,,,false
Arthur McDonald,Physics,2015,true
Arthur Noyes,,,false
Arthur Pardee,,,false
Arthur Schawlow,Physics,1981,true
Arthur Schuster,,,false
Arthur Tatum,,,false
Arthur Tyndall,,,false
Arthur Webster,,,false
Arthur von Auwers,,,false
Arthur von Oettingen,,,false
Artturi Virtanen,Chemistry,1945,true
Arvid Carlsson,Medicine,2000,true
Asa Gray,,,false
Asher Korner,,,false
Astley Cooper,,,false
August Batsch,,,false
August Beer,,,false
August Boeckh,,,false
August Doermann,,,false
August Foppl,,,false
August Francke,,,false
August Hagenbach,,,false
August Kekule,,,false
August Krogh,Medicine,1920,true
August Kundt,,,false
August Muller,,,false
August Richter,,,false
August Siebert,,,false
August Weismann,,,false
August Wilhelm Schlegel,,,false
August Winnecke,,,false
August von Hoffman,,,false
August von Hoffmann,,,false
August von Hofmann,,,false
August von Wassermann,,,false
Auguste Behal,,,false
Augustin Cauchy,,,false
Augustin Fasch,,,false
Augustin Walther,,,false
Augusto Righi,,,false
Augustus Harcourt,,,false
Augustus Love,,,false
Augustus de Morgan,,,false
Aurel Stodola,,,false
Aureliano Maestre de San Juan,,,false
Avery Morton,,,false
Avram Hershko,Chemistry,2004,true
Axel Olson,,,false
Aziz Sancar,Chemistry,2015,true
Baird Hastings,,,false
Balfour Stewart,,,false
Balthasar Gibert,,,false
Barbara McClintock,Medicine,1983,true
Barbara Wold,,,false
Barrie Kitto,,,false
Barry Barish,Physics,2017,true
Barry Sharpless,Chemistry,2022,true
Barry Sharpless,Chemistry,2001,true
Barry Wood,,,false
Bart Bok,,,false
Bartolomeo Panizza,,,false
Baruch Blumberg,Medicine,1976,true
Baruj Benacerraf,Medicine,1980,true
Bashford Dean,,,false
Ben Bernanke,Economics,2022,true
Ben Mottelson,Physics,1975,true
Benedetto Castelli,,,false
Bengt Ferner,,,false
Bengt Samuelsson,Medicine,1982,true
Benjamin Barton,,,false
Benjamin Brodie,,,false
Benjamin Daily,,,false
Benjamin List,Chemistry,2021,true
Benjamin Peirce,,,false
Benjamin Pulleyn,,,false
Benjamin Rush,,,false
Benjamin Siegel,,,false
Benjamin Silliman Jr,,,false
Benjamin Silliman Sr,,,false
Benjamin White,,,false
Benno Erdmann,,,false
Benvenuto Pernis,,,false
Bernard Brodie,,,false
Bernard Feld,,,false
Bernard Feringa,Chemistry,2016,true
Bernard Henbest,,,false
Bernard Horecker,,,false
Bernard Katz,Medicine,1970,true
Bernard Kilby,,,false
Bernard Lovell,,,false
Bernard Pagel,,,false
Bernard Roizman,,,false
Bernard Serin,,,false
Bernard Sureau,,,false
Bernard Weinstein,,,false
Bernard de Jussieu,,,false
Bernardo Houssay,Medicine,1947,true
Bernardus Nieuhoff,,,false
Bernardus Suerman,,,false
Berndt Holmboe,,,false
Bernhard F. Albinus,,,false
Bernhard Riemann,,,false
Bernhard S. Albinus,,,false
Bernhard Thibaut,,,false
Bernhard Tollens,,,false
Bernhard von Langenbeck,,,false
Bernhard von Lindenau,,,false
Bert Bolin,,,false
Bert Sakmann,Medicine,1991,true
Berthold Hatschek,,,false
Bertil Ohlin,Economics,1977,true
Bertram Brockhouse,Physics,1994,true
Beverley Oke,,,false
Birger Kaada,,,false
Birgit Vennesland,,,false
Bohuslav Brauner,,,false
Bohuslav Rayman,,,false
Boris Ephrussi,,,false
Boris Magasanik,,,false
Boyce McDaniel,,,false
Brailsford Robertson,,,false
Brebis Bleaney,,,false
Brian Hartley,,,false
Brian Josephson,Physics,1973,true
Brian Kobilka,Chemistry,2012,true
Brian Pippard,,,false
Brian Schmidt,Physics,2011,true
Britton Chance,,,false
Bruce Beutler,Medicine,2011,true
Bruce Mahan,,,false
Bruce Merrifield,Chemistry,1984,true
Bruno Ferretti,,,false
Bruno Hildebrand,,,false
Bruno Rossi,,,false
Bruno Touscheck,,,false
Bruno Zimm,,,false
Bur Steinbach,,,false
Burchard de Volder,,,false
Burke Judd,,,false
Burton Livingston,,,false
Burton Moyer,,,false
Burton Richter,Physics,1976,true
C.G.J. Jacobi,,,false
C.V. Raman,Physics,1930,true
Camillo Golgi,Medicine,1906,true
Carel Sluiter,,,false
Carl Anderson,Physics,1936,true
Carl Benda,,,false
Carl Benedicks,,,false
Carl Bjerknes,,,false
Carl Bjorling,,,false
Carl Bosch,Chemistry,1931,true
Carl Chase,,,false
Carl Claus,,,false
Carl Collie,,,false
Carl Cori,Medicine,1947,true
Carl E.H. Schmidt,,,false
Carl F. Schmidt,,,false
Carl Flugge,,,false
Carl Friedheim,,,false
Carl Gauss,,,false
Carl Gegenbauer,,,false
Carl Helmholz,,,false
Carl Holten,,,false
Carl Jacobi,,,false
Carl Jung,,,false
Carl Kaltschmied,,,false
Carl Kielmeyer,,,false
Carl Kostlin,,,false
Carl L.A. Schmidt,,,false
Carl Liebermann,,,false
Carl Linnaeus,,,false
Carl Lowig,,,false
Carl Ludwig,,,false
Carl Malmsten,,,false
Carl Marvel,,,false
Carl Menger,,,false
Carl Mohs,,,false
Carl Mosander,,,false
Carl Muller,,,false
Carl Neumann,,,false
Carl Noller,,,false
Carl Pfaffmann,,,false
Carl Pulfrich,,,false
Carl Rammelsberg,,,false
Carl Runge,,,false
Carl Salomonsen,,,false
Carl Seashore,,,false
Carl Stevens,,,false
Carl Stumpf,,,false
Carl Thunberg,,,false
Carl Wedl,,,false
Carl Wernicke,,,false
Carl Wiemann,Physics,2001,true
Carl Wiggers,,,false
Carl Winkler,,,false
Carl van Noorden,,,false
Carl von Arlt,,,false
Carl von Leonhard,,,false
Carl von Marcus,,,false
Carl von Martius,,,false
Carl von Nageli,,,false
Carl von Siebold,,,false
Carl von Voit,,,false
Carl-Gustaf Rossby,,,false
Carleton Gajdusek,Medicine,1976,true
Carlo Matteucci,,,false
Carlo Rubbia,Physics,1984,true
Carlos Barbas,,,false
Carol Greider,Medicine,2009,true
Carolyn Bertozzi,Chemistry,2022,true
Carroll Sparrow,,,false
Casimir Funk,,,false
Casper Bauhin,,,false
Casper Kuhn,,,false
Casper Neumann,,,false
Casper Peucer,,,false
Casper Reinwardt,,,false
Casper Wistar,,,false
Cecil Lane,,,false
Cecil Powell,Physics,1950,true
Cecilia Payne-Gaposchkin,,,false
Cesar Despretz,,,false
Cesar Millstein,Medicine,1984,true
Charles Barkla,Physics,1917,true
Charles Barnes,,,false
Charles Bell,,,false
Charles Bossut,,,false
Charles Chandler,,,false
Charles Child,,,false
Charles Coulson,,,false
Charles Darwin,,,false
Charles Davenport,,,false
Charles Ellis,,,false
Charles Fabry,,,false
Charles Friedel,,,false
Charles Harrington,,,false
Charles Harris,,,false
Charles Hermite,,,false
Charles Hoagland,,,false
Charles Huggins,Medicine,1966,true
Charles Hurd,,,false
Charles Jackson,,,false
Charles Kao,Physics,2009,true
Charles Kittel,,,false
Charles Kofoid,,,false
Charles Lauritsen,,,false
Charles Laveran,Medicine,1907,true
Charles Lyell,,,false
Charles Martin,,,false
Charles Mendenhall,,,false
Charles Messier,,,false
Charles Moureu,,,false
Charles Nicolle,Medicine,1928,true
Charles Osgood,,,false
Charles Pedersen,Chemistry,1987,true
Charles Peirce,,,false
Charles Pope,,,false
Charles Price,,,false
Charles R. Barnes,,,false
Charles Rice,Medicine,2020,true
Charles Richardson,,,false
Charles Richet,Medicine,1913,true
Charles Schlichter,,,false
Charles Shaw,,,false
Charles Shepard,,,false
Charles Sherrington,Medicine,1932,true
Charles Slichter,,,false
Charles Smith,,,false
Charles Snow,,,false
Charles Snyder,,,false
Charles Soret,,,false
Charles Stevens,,,false
Charles Taylor,,,false
Charles Townes,Physics,1964,true
Charles Whitman,,,false
Charles Whitmore,,,false
Charles Wilson,Physics,1927,true
Charles Young,,,false
Charles Zahn,,,false
Charles-Edouard Guillaume,Physics,1920,true
Charles-Eugene Guye,,,false
Charles-Philippe Robin,,,false
Charley Riley,,,false
Chen-Ning Yang,Physics,1957,true
Chester Herrick,,,false
Chester Werkman,,,false
Chi-Huey Wong,,,false
Christiaan Damen,,,false
Christiaan Eijkman,Medicine,1929,true
Christian Anfinsen,Chemistry,1972,true
Christian August Brandis,,,false
Christian Bohr,,,false
Christian Bunger,,,false
Christian Buttner,,,false
Christian Christiansen,,,false
Christian E. Weisse,,,false
Christian Ehrenberg,,,false
Christian Fuchtbauer,,,false
Christian Gerling,,,false
Christian H. Weisse,,,false
Christian Hausen,,,false
Christian Heyne,,,false
Christian Hoffmann,,,false
Christian Ludwig,,,false
Christian Michaelis,,,false
Christian Mohr,,,false
Christian Moier,,,false
Christian Nasse,,,false
Christian Nees van Esenbeck,,,false
Christian Pedersen,,,false
Christian Reuss,,,false
Christian Schutz,,,false
Christian Schwagrichen,,,false
Christian Weigel,,,false
Christian Weiss,,,false
Christian Wolff,,,false
Christian de Duve,Medicine,1974,true
Christiane Nusslein-Volhard,Medicine,1995,true
Christoffer Hansteen,,,false
Christoph Clavius,,,false
Christoph Gudermann,,,false
Christoph Hufeland,,,false
Christoph Mangold,,,false
Christoph Pfautz,,,false
Christoph Schmelzer,,,false
Christophe Gagbled,,,false
Christopher Dean,,,false
Christopher Wren,,,false
Clarence Brown,,,false
Clarence Graham,,,false
Clarence Oliver,,,false
Clarence Zener,,,false
Claud Rupert,,,false
Claude Bernard,,,false
Claude Bertholet,,,false
Claude Cohen-Tannoudji,Physics,1997,true
Claude Hudson,,,false
Claude Hurst,,,false
Clemens Schaefer,,,false
Clifford Shull,Physics,1994,true
Clifton Gibby,,,false
Clinton Davisson,Physics,1937,true
Clive Granger,Economics,2003,true
Clyde Hutchinson,,,false
Colin MacLaurin,,,false
Colin Reese,,,false
Conrad Eckhardt,,,false
Conrad Elvehjem,,,false
Conrad Langenbeck,,,false
Conrad Waddington,,,false
Constantijn van Oppyck,,,false
Conyers Herring,,,false
Corneille Heymans,Medicine,1938,true
Cornelis Gorter,,,false
Cornelis Grinwis,,,false
Cornelis Verhagen,,,false
Cornelis Wiersma,,,false
Cornelis Winkler,,,false
Cornelis van Niel,,,false
Cornelius Gemma,,,false
Cornelius Tobias,,,false
Craig Mello,Medicine,2006,true
Curt Stern,,,false
Cyril Addison,,,false
Cyril Hinshelwood,Chemistry,1956,true
Cyril Hopkins,,,false
Cyrus Brackett,,,false
Cyrus Fiske,,,false
Dale Kaiser,,,false
Dan Campbell,,,false
Dan Lindsley,,,false
Dan Poulson,,,false
Dan Shechtman,Chemistry,2011,true
Dan Stinchcomb,,,false
Daniel Bernoulli,,,false
Daniel Bolef,,,false
Daniel Bovet,Medicine,1957,true
Daniel Kahneman,Economics,2002,true
Daniel Kleppner,,,false
Daniel McFadden,Economics,2000,true
Daniel Nathans,Medicine,1978,true
Daniel Nebel,,,false
Daniel Pollen,,,false
Daniel Tsui,Physics,1998,true
Daniel Vorlander,,,false
David Baltimore,Medicine,1975,true
David Bell,,,false
David Blow,,,false
David Bohm,,,false
David Brandon,,,false
David Chapman,,,false
David Dennison,,,false
David Evans,,,false
David Frisch,,,false
David Garrod,,,false
David Greenberg,,,false
David Gross,Physics,2004,true
David Hilbert,,,false
David Hirsh,,,false
David Hogness,,,false
David Hubel,Medicine,1981,true
David Jordan,,,false
David Julius,Medicine,2021,true
David Keilin,,,false
David Keys,,,false
David Lee,Physics,1996,true
David Livingston,,,false
David MacMillan,Chemistry,2021,true
David Masson,,,false
David McCabe,,,false
David Nachmansohn,,,false
David Ollis,,,false
David Pines,,,false
David Politzer,Physics,2004,true
David Potter,,,false
David Pritchard,,,false
David Ritson,,,false
David Rittenberg,,,false
David Shoenberg,,,false
David Stuart,,,false
David Thouless,Physics,2016,true
David Truman,,,false
David Widder,,,false
David Wineland,Physics,2012,true
David van Lennep,,,false
David von Hansemann,,,false
Dennis Gabor,Physics,1971,true
Denys Wilkenson,,,false
Derek Barton,Chemistry,1969,true
Derek Denny-Brown,,,false
Desiderius Erasmus,,,false
Desmond Bagguley,,,false
Detlev Bronk,,,false
Dick van Rhijn,,,false
Dickinson Richards,Medicine,1956,true
Dickinson Richards,,,false
Didier Queloz,Physics,2019,true
Dieter Lux,,,false
Dieter Oesterhelt,,,false
Dirk ter Haar,,,false
Don Yost,,,false
Donald Bangham,,,false
Donald Brown,,,false
Donald Cram,Chemistry,1987,true
Donald English,,,false
Donald Glaser,Physics,1960,true
Donald Hanahan,,,false
Donald Hebb,,,false
Donald Loughridge,,,false
Donald Marquis,,,false
Donald Menzel,,,false
Donald Seldin,,,false
Donald Woods,,,false
Donald van Slyke,,,false
Donna Strickland,Physics,2018,true
Donnall Thomas,Medicine,1990,true
Dorothy Crowfoot Hodgkin,Chemistry,1964,true
Douglas Diamond,Economics,2022,true
Douglas Hartree,,,false
Douglas Houghton,,,false
Douglas Osheroff,Physics,1996,true
Douglas Whitaker,,,false
Duane Englis,,,false
Dudley Herschbach,Chemistry,1986,true
Dugald Stewart,,,false
Duncan Haldane,Physics,2016,true
Duncan MacInnes,,,false
Dwaine Marvick,,,false
E.P. Volskii,,,false
EC Catalan,,,false
Earl Evans,,,false
Earl Stadtman,,,false
Earl Sutherland,Medicine,1971,true
Ebenezer Adams,,,false
Eberhard Rimbach,,,false
Eberhard Wecker,,,false
Eckhardt Hoenig,,,false
Edgar Adrian,Medicine,1932,true
Edgar Appleyard,,,false
Edgar Haber,,,false
Edgar Salin,,,false
Edgar Smith,,,false
Edgar Steacie,,,false
Edgar Wilson,,,false
Edgar Witzemann,,,false
Edmond Bauer,,,false
Edmond Bouty,,,false
Edmond Fischer,Medicine,1992,true
Edmond Fremy,,,false
Edmond Halley,,,false
Edmond Hebert,,,false
Edmund Drechsel,,,false
Edmund Harvey,,,false
Edmund Hirst,,,false
Edmund Letts,,,false
Edmund Ronalds,,,false
Edmund Whittaker,,,false
Edmund Wilson,,,false
Edouard Chatton,,,false
Edouard Luther,,,false
Edouard Mulder,,,false
Edouard Sandifort,,,false
Edouard Toulouse,,,false
Eduard Buchner,Chemistry,1907,true
Eduard Gruneisen,,,false
Eduard Haschek,,,false
Eduard Hitzig,,,false
Eduard Justi,,,false
Eduard Kellenberger,,,false
Eduard Linnemann,,,false
Eduard Pfluger,,,false
Eduard Riecke,,,false
Eduard Strasburger,,,false
Eduard Zeller,,,false
Edvard Moser,Medicine,2014,true
Edvard Scharling,,,false
Edward Abraham,,,false
Edward Andrade,,,false
Edward Appleton,Physics,1946,true
Edward Baly,,,false
Edward Birge,,,false
Edward Cathcart,,,false
Edward Condon,,,false
Edward Conklin,,,false
Edward Conway,,,false
Edward Divers,,,false
Edward Doisy,Medicine,1943,true
Edward East,,,false
Edward Frankland,,,false
Edward Franklin,,,false
Edward Kendall,Medicine,1950,true
Edward Lewis,Medicine,1995,true
Edward Liddell,,,false
Edward Mark,,,false
Edward Milne,,,false
Edward Nelson,,,false
Edward Nichols,,,false
Edward Novitski,,,false
Edward Purcell,Physics,1952,true
Edward Reich,,,false
Edward Robinson,,,false
Edward Routh,,,false
Edward Scripture,,,false
Edward Sharpey-Schafer,,,false
Edward Tatum,Medicine,1958,true
Edward Teller,,,false
Edward Titchener,,,false
Edward Voorhees,,,false
Edward Waring,,,false
Edward Washburn,,,false
Edwin Cannan,,,false
Edwin Cohn,,,false
Edwin Fred,,,false
Edwin Furshpan,,,false
Edwin Ghiselli,,,false
Edwin Hall,,,false
Edwin Hart,,,false
Edwin Jordan,,,false
Edwin Kemble,,,false
Edwin Krebs,Medicine,1992,true
Edwin Lennox,,,false
Edwin McMillan,Chemistry,1951,true
Edwin Seligman,,,false
Ei-ichi Negishi,Chemistry,2010,true
Eilhard Mitscherlich,,,false
Eilhard Wiedeman,,,false
Eilhard Wiedemann,,,false
Einar Hammersten,,,false
Ejnar Lundsgard,,,false
Elaine Tuomanen,,,false
Eli Burton,,,false
Eliakim Moore,,,false
Elias Camerarius,,,false
Elias Corey,Chemistry,1990,true
Elias Schwartz,,,false
Elie Luzac,,,false
Elinor Ostrom,Economics,2009,true
Elisha Gregory,,,false
Elizabeth Blackburn,Medicine,2009,true
Elizabeth Deuchar,,,false
Elizabeth Hay,,,false
Ellen Vitetta,,,false
Ellery Stowell,,,false
Elliot Bernstein,,,false
Ellis Dixon,,,false
Elmer Kohler,,,false
Elmer Loomis,,,false
Elmer McCollum,,,false
Elmer Pfefferkorn,,,false
Eloy Ordonez,,,false
Elvin Kabat,,,false
Emanuel Bjorling,,,false
Emil Abderhalden,,,false
Emil Erlenmeyer,,,false
Emil Fischer,Chemistry,1902,true
Emil Kraepelin,,,false
Emil Skioli,,,false
Emil Votocek,,,false
Emil Warburg,,,false
Emil du Bois-Reymond,,,false
Emil von Behring,Medicine,1901,true
Emile Duclaux,,,false
Emile Guyenot,,,false
Emile Kuss,,,false
Emile Roux,,,false
Emile Verdet,,,false
Emilio Segre,Physics,1959,true
Emmanuel Stupanus,,,false
Emmanuelle Charpentier,Chemistry,2020,true
Emyr Moelwyn-Hughes,,,false
Engel Josef,,,false
Enno Heeren Dirksen,,,false
Enrico Fermi,Physics,1938,true
Ephraim Shorr,,,false
Erasmus Reinhold,,,false
Erhard Schmidt,,,false
Eric Betzig,Chemistry,2014,true
Eric Cornell,Physics,2001,true
Eric Davidson,,,false
Eric Kandel,Medicine,2000,true
Eric Moullin,,,false
Eric Rideal,,,false
Eric Wieschaus,Medicine,1995,true
Erik Burman,,,false
Erik Edlund,,,false
Erik Lindahl,,,false
Ernest Baldwin,,,false
Ernest Barnes,,,false
Ernest Fourneau,,,false
Ernest Lawrence,Physics,1939,true
Ernest Merritt,,,false
Ernest Pollard,,,false
Ernest Scott,,,false
Ernest Starling,,,false
Ernest Walton,Physics,1951,true
Ernest Warhurst,,,false
Ernest-Alexandre Lauth,,,false
Ernst Abbe,,,false
Ernst Baldinger,,,false
Ernst Bartels,,,false
Ernst Bergmann,,,false
Ernst Blasius,,,false
Ernst Bose,,,false
Ernst Chain,Medicine,1945,true
Ernst Chladni,,,false
Ernst Cohen,,,false
Ernst G. Fischer,,,false
Ernst Glocker,,,false
Ernst Hadorn,,,false
Ernst Haeckel,,,false
Ernst Hebenstreit,,,false
Ernst Heim,,,false
Ernst Hoppe-Seyler,,,false
Ernst Kummer,,,false
Ernst Ludwig,,,false
Ernst Nicolai,,,false
Ernst O. Fischer,Chemistry,1973,true
Ernst Orlich,,,false
Ernst Platner,,,false
Ernst Ruska,Physics,1986,true
Ernst Rutherford,Chemistry,1908,true
Ernst Salkowski,,,false
Ernst Spath,,,false
Ernst Stelzer,,,false
Ernst Stuckelberg,,,false
Ernst Wagner,,,false
Ernst Weber,,,false
Ernst von Brucke,,,false
Ernst von Leyden,,,false
Erwin Chargaff,,,false
Erwin Neher,Medicine,1991,true
Erwin Schrodinger,Physics,1933,true
Essaie Colladon,,,false
Etienne Bieler,,,false
Etienne St Hilaire,,,false
Eugen Baumann,,,false
Eugen Bleuler,,,false
Eugen Boehm von Bawerk,,,false
Eugen von Gorup-Besanez,,,false
Eugen von Lommel,,,false
Eugene Bloch,,,false
Eugene Booth,,,false
Eugene Commins,,,false
Eugene Dubois,,,false
Eugene Kennedy,,,false
Eugene Wigner,Physics,1963,true
Eugene van Tamelen,,,false
Eusebio Oehl,,,false
Evangelista Torricelli,,,false
Everard Schreidius,,,false
Everhard Otto,,,false
Ewald Burger,,,false
Ewaldus Schrevelius,,,false
Ewart Jones,,,false
Farrington Daniels,,,false
Felix Bloch,Physics,1952,true
Felix Klein,,,false
Felix Marchand,,,false
Felix Mesnil,,,false
Felix Papencordt,,,false
Felix Platter,,,false
Felix Saunders,,,false
Feodor Lynen,Medicine,1964,true
Ferdinand Braun,Physics,1909,true
Ferdinand Cohn,,,false
Ferdinand Frobenius,,,false
Ferdinand Hochstetter,,,false
Ferdinand Lindemann,,,false
Ferdinand Oetinger,,,false
Ferdinand Scheminzky,,,false
Ferdinand Tiemann,,,false
Ferdinand von Gmelin,,,false
Ferid Murad,Medicine,1998,true
Floyd Bartell,,,false
Floyd Richtmyer,,,false
Forest Huddleson,,,false
Frances Arnold,Chemistry,2018,true
Francesco Grimaldi,,,false
Franceso Rossetti,,,false
Francis Aston,Chemistry,1922,true
Francis Benedict,,,false
Francis Bitter,,,false
Francis Blacet,,,false
Francis Crick,Medicine,1962,true
Francis Delafield,,,false
Francis Galton,,,false
Francis Glisson,,,false
Francis Heyroth,,,false
Francis Roughton,,,false
Francis Rous,,,false
Francis Ryan,,,false
Francis Schmitt,,,false
Francis Simon,,,false
Francisc Rainer,,,false
Franciscus Donders,,,false
Franck Burgersdijk,,,false
Francois Arago,,,false
Francois Cuzin,,,false
Francois Englert,Physics,2013,true
Francois Folie,,,false
Francois Gombault,,,false
Francois Jacob,Medicine,1965,true
Francois Magendie,,,false
Francois de la Peyronie,,,false
Francoise Barre-Sinoussi,Medicine,2008,true
Frank Beach,,,false
Frank Brink,,,false
Frank Burnet,Medicine,1960,true
Frank Dixon,,,false
Frank Johnson,,,false
Frank Knight,,,false
Frank Lillie,,,false
Frank Morrison,,,false
Frank Myers,,,false
Frank Schlesinger,,,false
Frank Strong,,,false
Frank Wilczek,Physics,2004,true
Frank Young,,,false
Franklin Fisher,,,false
Franklin Keim,,,false
Franz Brentano,,,false
Franz Brunnow,,,false
Franz Clemens,,,false
Franz Exner,,,false
Franz Hesselbach,,,false
Franz Hofmann,,,false
Franz Hofmeister,,,false
Franz Kahn,,,false
Franz Knoop,,,false
Franz Nagele,,,false
Franz Neumann,,,false
Franz Nissl,,,false
Franz Riegel,,,false
Franz Schneider,,,false
Franz Schonmetzel,,,false
Franz Sonnenschein,,,false
Franz de la Boe,,,false
Franz von Oberkamp,,,false
Franz von Rinecker,,,false
Franz von Zach,,,false
Fraser Stoddart,Chemistry,2016,true
Fred Koch,,,false
Frederic Bremer,,,false
Frederic Carpenter,,,false
Frederic Gorham,,,false
Frederic Joliot,Chemistry,1935,true
Frederick Alway,,,false
Frederick Banting,Medicine,1923,true
Frederick Coller,,,false
Frederick Donnan,,,false
Frederick Gay,,,false
Frederick Harbison,,,false
Frederick Hopkins,Medicine,1929,true
Frederick Johnson,,,false
Frederick Keyes,,,false
Frederick King,,,false
Frederick Kipping,,,false
Frederick Lindemann,,,false
Frederick Penny,,,false
Frederick Reines,Physics,1995,true
Frederick Robbins,Medicine,1954,true
Frederick Sanger,Chemistry,1980,true
Frederick Sanger,Chemistry,1958,true
Frederick Saunders,,,false
Frederick Shiderman,,,false
Frederick Soddy,Chemistry,1921,true
Frederick Wall,,,false
Frederik Albinus,,,false
Frederik Kaiser,,,false
Frederik Spanheim,,,false
Fredrik Carlson,,,false
Fredrik Mallet,,,false
Friedrich Argelander,,,false
Friedrich Arnold,,,false
Friedrich Becker,,,false
Friedrich Bergius,Chemistry,1931,true
Friedrich Bessel,,,false
Friedrich Bidder,,,false
Friedrich Deichmuller,,,false
Friedrich Dolezalek,,,false
Friedrich Fichter,,,false
Friedrich Goltz,,,false
Friedrich Hasenohrl,,,false
Friedrich Hayek,Economics,1974,true
Friedrich Henle,,,false
Friedrich Hoffmann,,,false
Friedrich Hund,,,false
Friedrich Juncker,,,false
Friedrich Kohlrausch,,,false
Friedrich Kustner,,,false
Friedrich Lobstein,,,false
Friedrich Paschen,,,false
Friedrich Reiz,,,false
Friedrich Richelot,,,false
Friedrich Rochleder,,,false
Friedrich Schelling,,,false
Friedrich Schlemm,,,false
Friedrich Seidel,,,false
Friedrich Siebert,,,false
Friedrich Stromeyer,,,false
Friedrich Tiedemann,,,false
Friedrich Trendelenburg,,,false
Friedrich Went,,,false
Friedrich Wohler,,,false
Friedrich Wolf,,,false
Friedrich von Frerichs,,,false
Friedrich von Recklingshausen,,,false
Friedrich von Struve,,,false
Friedrich von Wieser,,,false
Frits Went,,,false
Frits Zernike,Physics,1953,true
Fritz Baltzer,,,false
Fritz Feigl,,,false
Fritz Haber,Chemistry,1918,true
Fritz Kogl,,,false
Fritz Lipmann,Medicine,1953,true
Fritz Machlup,,,false
Fritz Melchers,,,false
Fritz Pregl,Chemistry,1923,true
Fritz van Calker,,,false
Fritz-Henning Laves,,,false
Fujio Egami,,,false
G.H. Hardy,,,false
G.N. Stewart,,,false
GB Duchenne,,,false
GH Hardy,,,false
Gabriel Bertrand,,,false
Gabriel Cramer,,,false
Gabriel Lippmann,Physics,1908,true
Galileo Galilei,,,false
Ganchang Wang,,,false
Gary Felsenfeld,,,false
Gary Strichartz,,,false
Gaspard Laurent,,,false
Gaspard Monge,,,false
Gebhard Koch,,,false
Gen-itsu Kita,,,false
Geoffrey Beale,,,false
Geoffrey Burbridge,,,false
Geoffrey Chew,,,false
Geoffrey Dawes,,,false
Geoffrey Wilkinson,Chemistry,1973,true
Georg Barger,,,false
Georg Bednorz,Physics,1987,true
Georg Beer,,,false
Georg Benecke,,,false
Georg Bredig,,,false
Georg Busch,,,false
Georg Fresenius,,,false
Georg Fuchs,,,false
Georg Gattenhof,,,false
Georg Hamberger,,,false
Georg Hanssen,,,false
Georg Hildebrandt,,,false
Georg Hueber,,,false
Georg Joos,,,false
Georg Klemperer,,,false
Georg Klugel,,,false
Georg Konig,,,false
Georg Lichtenberg,,,false
Georg Lucke,,,false
Georg Lunge,,,false
Georg Meissner,,,false
Georg Metzger,,,false
Georg Meyer,,,false
Georg Prochaska,,,false
Georg Quincke,,,false
Georg Rheticus,,,false
Georg Richter,,,false
Georg Simmel,,,false
Georg Stadeler,,,false
Georg Stahl,,,false
Georg Wedel,,,false
Georg Wiegner,,,false
Georg Witt,,,false
Georg Wittig,Chemistry,1979,true
Georg von Bekesy,Medicine,1961,true
Georg von Frankenau,,,false
George Beadle,Medicine,1958,true
George Beal,,,false
George Birkhoff,,,false
George Brownlee,,,false
George Caldwell,,,false
George Cook,,,false
George Darwin,,,false
George Engelmann,,,false
George Feher,,,false
George Forbes,,,false
George Foster,,,false
George Frankforter,,,false
George Gamov,,,false
George Gibson,,,false
George Glockler,,,false
George Henderson,,,false
George Heuer,,,false
George Hitchings,Medicine,1988,true
George Hitchings,,,false
George Hulett,,,false
George Kimball,,,false
George Kistiakowsky,,,false
George Kon,,,false
George Ladd,,,false
George Larue,,,false
George Mandel,,,false
George Minot,Medicine,1934,true
George Morris,,,false
George Nutall,,,false
George Palade,Medicine,1974,true
George Parker,,,false
George Parks,,,false
George Parrot,,,false
George Peacock,,,false
George Pegram,,,false
George Pimentel,,,false
George Porter,Chemistry,1967,true
George Reynolds,,,false
George Smith,Physics,2009,true
George Smith,Chemistry,2018,true
George Smoot,Physics,2006,true
George Snell,Medicine,1980,true
George Stigler,Economics,1982,true
George Thomson,Physics,1937,true
George Wald,Medicine,1967,true
George Wallace,,,false
George Whipple,Medicine,1934,true
George Whitesides,,,false
George de Hevesy,Chemistry,1943,true
Georges Charpak,Physics,1992,true
Georges Cohen,,,false
Georges Cuvier,,,false
Georges Kohler,Medicine,1984,true
Georges Mareschal,,,false
Georges Urbain,,,false
Georges-Louis Buffon,,,false
Gerald Edelman,Medicine,1972,true
Gerard Bontius,,,false
Gerard Moll,,,false
Gerard Mourou,Physics,2018,true
Gerard Vrolik,,,false
Gerard t Hooft,Physics,1999,true
Gerard van Swieten,,,false
Gerbrand Bakker,,,false
Gerd Binnig,Physics,1986,true
Gerhard Domagk,Medicine,1939,true
Gerhard Ertl,Chemistry,2007,true
Gerhard Herzberg,Chemistry,1971,true
Gerhard Krause,,,false
Gerlach Scheltinga,,,false
Gerrit Jan Mulder,,,false
Gerrit van Iterson,,,false
Gerry Neugebauer,,,false
Gertrude Elion,Medicine,1988,true
Gertrude Henle,,,false
Gerty Cori,Medicine,1947,true
Geza Zemplen,,,false
Giacomo Ciamician,,,false
Gilbert Lewis,,,false
Gilbert Stork,,,false
Giorgio Parisi,Physics,2021,true
Giovanbattista Morgagni,,,false
Giovanni Borelli,,,false
Giovanni Riccioli,,,false
Girolamo Fabrici,,,false
Giulio Bizozero,,,false
Giulio Natta,Chemistry,1963,true
Giuseppi Bruni,,,false
Glenn Millikan,,,false
Glenn Seaborg,Chemistry,1951,true
Gobind Khorana,Medicine,1968,true
Goeran Dillner,,,false
Goesta Mittag-Leffler,,,false
Gordon Ada,,,false
Gordon Sutherland,,,false
Gordon Tomkins,,,false
Gosta Akerlof,,,false
Gottfried Beireis,,,false
Gottfried Haberler,,,false
Gottfried Landwehr,,,false
Gottfried Leibniz,,,false
Gottfried Mobius,,,false
Gottlieb Harless,,,false
Gottlieb Planck,,,false
Gottlieb Storr,,,false
Gottlob Storr,,,false
Graham Lusk,,,false
Granville Hall,,,false
Gregg Lewis,,,false
Gregg Semenza,Medicine,2019,true
Gregor Wentzel,,,false
Gregory Breit,,,false
Gregory Winter,Chemistry,2019,true
Grigore Popa,,,false
Grigorri Fichtenholz,,,false
Gugliolmo Marconi,Physics,1909,true
Guilio Casseri,,,false
Guillaume Dupuytren,,,false
Guillaume Rondolet,,,false
Guillaume-Francoise Rouelle,,,false
Guiseppe Levi,,,false
Guiseppe Moruzzi,,,false
Guiseppe Occhialini,,,false
Guiseppe Pisati,,,false
Guiseppi Biancani,,,false
Gunnar Ahlgren,,,false
Gunnar Myrdal,Economics,1974,true
Gunter Blobel,Medicine,1999,true
Gunther Stent,,,false
Gustaf Dalen,Physics,1912,true
Gustaf Ortner,,,false
Gustav Bohstedt,,,false
Gustav Dirichlet,,,false
Gustav Embden,,,false
Gustav Fechner,,,false
Gustav Hertz,Physics,1925,true
Gustav Kenngott,,,false
Gustav Kirchhoff,,,false
Gustav Kunze,,,false
Gustav Rose,,,false
Gustav Wiedemann,,,false
Gustav Zeuner,,,false
Gustav von Bunge,,,false
Gustav von Schmoller,,,false
Gusztav Buchbock,,,false
Guy Ourisson,,,false
Gyorgy Olah,Chemistry,1994,true
Haig Kazazian,,,false
Haldan Hartline,Medicine,1967,true
Hallowell Davis,,,false
Hamilton Cady,,,false
Hamilton Smith,Medicine,1978,true
Hannes Alfven,Physics,1970,true
Hans Bethe,Physics,1967,true
Hans Bunte,,,false
Hans Clarke,,,false
Hans Dehmelt,Physics,1989,true
Hans Driesch,,,false
Hans Fischer,Chemistry,1930,true
Hans Geiger,,,false
Hans Gunthard,,,false
Hans Hubner,,,false
Hans Jensen,Physics,1963,true
Hans Kopfermann,,,false
Hans Krebs,Medicine,1953,true
Hans Meyer,,,false
Hans Orsted,,,false
Hans Primas,,,false
Hans Rau,,,false
Hans Selye,,,false
Hans Spemann,Medicine,1935,true
Hans Ussing,,,false
Hans Wynberg,,,false
Hans Zachau,,,false
Hans Zinsser,,,false
Hans von Euler-Chelpin,Chemistry,1929,true
Hans von Halban,,,false
Hans von Pechmann,,,false
Hans-Joachim Queisser,,,false
Hantoro Nagaoka,,,false
Harald zur Hausen,Medicine,2008,true
Harden McConnell,,,false
Harland Wood,,,false
Harlow Shapley,,,false
Harmon Morse,,,false
Harold Amos,,,false
Harold Barlow,,,false
Harold Burn,,,false
Harold Burr,,,false
Harold Dixon,,,false
Harold Edelhoch,,,false
Harold Hartley,,,false
Harold Hotelling,,,false
Harold Jacoby,,,false
Harold Johnston,,,false
Harold Kroto,Chemistry,1996,true
Harold Laski,,,false
Harold Manter,,,false
Harold Tarver,,,false
Harold Thompson,,,false
Harold Urey,Chemistry,1934,true
Harold Varmus,Medicine,1989,true
Harrie Massey,,,false
Harrison Randall,,,false
Harry Eagle,,,false
Harry Emeleus,,,false
Harry Grundfest,,,false
Harry Judson,,,false
Harry Kelejian,,,false
Harry Love,,,false
Harry Markowitz,Economics,1990,true
Harry Pitt,,,false
Harry Reid,,,false
Harry Rubin,,,false
Harry Russell,,,false
Harry Steenbock,,,false
Harry Udin,,,false
Hartmut Michel,Chemistry,1988,true
Hartog Hamburger,,,false
Harusada Suginome,,,false
Harvey Alter,Medicine,2020,true
Harvey Blanch,,,false
Harvey Carr,,,false
Harvey Cushing,,,false
Harvey Davis,,,false
Harvey Gaylord,,,false
Harvey Itanio,,,false
Harvey Lodish,,,false
Hedley Marston,,,false
Heike Kamerlingh Onnes,Physics,1913,true
Heini Granicher,,,false
Heinrich Brandes,,,false
Heinrich Bronn,,,false
Heinrich Bruns,,,false
Heinrich Curschmann,,,false
Heinrich Delius,,,false
Heinrich Dove,,,false
Heinrich Ewald,,,false
Heinrich Heinrici,,,false
Heinrich Hertz,,,false
Heinrich Hlasiwetz,,,false
Heinrich Kiliani,,,false
Heinrich Ley,,,false
Heinrich Limpricht,,,false
Heinrich Link,,,false
Heinrich Magnus,,,false
Heinrich Muller,,,false
Heinrich Planck,,,false
Heinrich Rohrer,Physics,1986,true
Heinrich Rose,,,false
Heinrich Rubens,,,false
Heinrich Scherk,,,false
Heinrich Weber,,,false
Heinrich Wieland,Chemistry,1927,true
Heinrich Will,,,false
Heinrich Wrisberg,,,false
Heinrich de Bary,,,false
Heinrich von Gneist,,,false
Heinrich von Leveling,,,false
Heinz Gerischer,,,false
Heinz Maier-Leibniz,,,false
Heinz Schaller,,,false
Heinz Staab,,,false
Helmut Hasse,,,false
Helmut Rauch,,,false
Hendrik Bakhuis Roozeboom,,,false
Hendrik Bakhuis Roozenboom,,,false
Hendrik Cras,,,false
Hendrik Dam,Medicine,1943,true
Hendrik Dibbits,,,false
Hendrik Dorgelo,,,false
Hendrik Hamaker,,,false
Hendrik Kramers,,,false
Hendrik Lorentz,Physics,1902,true
Hendrik Moreelse,,,false
Hendrik Zwaardemaker,,,false
Hendry Kendall,Physics,1990,true
Henri Abraham,,,false
Henri Becquerel,Physics,1903,true
Henri Moissan,Chemistry,1906,true
Henri Pieron,,,false
Henri Poincare,,,false
Henricus Brucaeus,,,false
Henricus Regius,,,false
Henrik Steffens,,,false
Henry Adams,,,false
Henry Armstrong,,,false
Henry Baker,,,false
Henry Bigelow,,,false
Henry Bowditch,,,false
Henry Bracken,,,false
Henry Briscoe,,,false
Henry Bull,,,false
Henry Christian,,,false
Henry Dale,Medicine,1936,true
Henry Donaldson,,,false
Henry Eyring,,,false
Henry Fairbank,,,false
Henry Gale,,,false
Henry Hatfield,,,false
Henry Hennell,,,false
Henry Hill,,,false
Henry Kunkel,,,false
Henry Martin,,,false
Henry Ordish,,,false
Henry Paulus,,,false
Henry Roscoe,,,false
Henry Rowland,,,false
Henry Russell,,,false
Henry Schuette,,,false
Henry Sherman,,,false
Henry Smyth,,,false
Henry Taube,Chemistry,1983,true
Henry Torrey,,,false
Henry Ward,,,false
Henry Weber,,,false
Henry Wheeler,,,false
Herbert Adams,,,false
Herbert Baker,,,false
Herbert Brown,Chemistry,1979,true
Herbert Carter,,,false
Herbert Freundlich,,,false
Herbert Gasser,Medicine,1944,true
Herbert Harned,,,false
Herbert Hauptman,Chemistry,1985,true
Herbert Jasper,,,false
Herbert Jennings,,,false
Herbert Kroemer,Physics,2000,true
Herbert Neal,,,false
Herbert Powell,,,false
Herbert Simon,Economics,1978,true
Herbert Skinner,,,false
Herbert Walther,,,false
Herbert Webber,,,false
Herman Boerhaave,,,false
Herman Dolk,,,false
Herman Kalckar,,,false
Herman Spoehr,,,false
Hermann Autenrieth,,,false
Hermann Bonitz,,,false
Hermann Ebbinghaus,,,false
Hermann Emminghaus,,,false
Hermann Grenacher,,,false
Hermann Jordan,,,false
Hermann Kolbe,,,false
Hermann Lebert,,,false
Hermann Leuchs,,,false
Hermann Mark,,,false
Hermann Muller,Medicine,1946,true
Hermann Nasse,,,false
Hermann Nothnagel,,,false
Hermann Pfund,,,false
Hermann Schacht,,,false
Hermann Schlesinger,,,false
Hermann Staudinger,Chemistry,1953,true
Hermann Teichmeyer,,,false
Hermann Ulrici,,,false
Hermann Wichelhaus,,,false
Hermann von Helmholtz,,,false
Herrick Johnston,,,false
Herschel Mitchell,,,false
Hewitt Fletcher,,,false
Hidde Halbertsma,,,false
Hideki Yukawa,Physics,1949,true
Hideyo Noguchi,,,false
Hieronymus Fabricus,,,false
Hieronymus Gaubius,,,false
Hieronymus van Alphen,,,false
Hilary Koprowski,,,false
Hilbrand Boschma,,,false
Hillard Huntington,,,false
Hiob Ludolf,,,false
Hippolyte Fizeau,,,false
Hiroshi Amano,Physics,2014,true
Hitosi Nozaki,,,false
Horace Barker,,,false
Horace Brocklesby,,,false
Horace Byers,,,false
Horace Watson,,,false
Horace Wells,,,false
Horst Meyer,,,false
Horst Stormer,Physics,1998,true
Howard Dintzis,,,false
Howard Florey,Medicine,1945,true
Howard Lewis,,,false
Howard Lucas,,,false
Howard Mueller,,,false
Howard Temin,Medicine,1975,true
Howard Turner Barnes,,,false
Howard Whitlock,,,false
Hubert Kruger,,,false
Hubert Ludwig,,,false
Hubert Newton,,,false
Hugh Callendar,,,false
Hugh Huxley,,,false
Hugh Longuet-Higgins,,,false
Hugo Keller,,,false
Hugo Kruyt,,,false
Hugo Munsterberg,,,false
Hugo Sommer,,,false
Hugo Spatz,,,false
Hugo Theorell,Medicine,1955,true
Hugo Weidel,,,false
Hugo de Vries,,,false
Hugo von Mohl,,,false
Hugo von Seeliger,,,false
Humphry Davy,,,false
IJbrandt van Diemerbroeck,,,false
Ian Campbell,,,false
Ian Heilbron,,,false
Ignacio Tinoco,,,false
Ignaz Bloch,,,false
Ignaz Doellinger,,,false
Ignaz Niederhuber,,,false
Igor Tamm,Physics,1958,true
Ilja Prigogine,Chemistry,1977,true
Ilya Frank,Physics,1958,true
Ilya Mechnikov,Medicine,1908,true
Immanuel Fichte,,,false
Immanuel Kant,,,false
Immanuel Tremellius,,,false
Ira Gould,,,false
Ira Pastan,,,false
Ira Remsen,,,false
Ira Young,,,false
Irene Joliot-Curie,Chemistry,1935,true
Irvine Masson,,,false
Irving Langmuir,Chemistry,1932,true
Irving London,,,false
Irwin Rose,Chemistry,2004,true
Isaac Barrow,,,false
Isaac Beeckman,,,false
Isaac Newton,,,false
Isamu Nakasaki,Physics,2014,true
Isidor Rabi,Physics,1944,true
Israel Chaikoff,,,false
Issai Schur,,,false
Ivan Kuria,,,false
Ivan Pavlov,Medicine,1904,true
Ivar Giaever,Physics,1973,true
J.S. Wang,,,false
JMW Milatz,,,false
JNS Allamand,,,false
Jabez Street,,,false
Jack Cohen,,,false
Jack Drummond,,,false
Jack Lewis,,,false
Jack Nutting,,,false
Jack Powles,,,false
Jack Steinberger,Physics,1988,true
Jack Strominger,,,false
Jack Szostak,Medicine,2009,true
Jacob Baden,,,false
Jacob Bernoulli,,,false
Jacob Bigelow,,,false
Jacob Gool,,,false
Jacob Lipman,,,false
Jacob Mager,,,false
Jacob Marschak,,,false
Jacob Ode,,,false
Jacob Pollak,,,false
Jacob Rotgans,,,false
Jacob Schroeder van der Kolk,,,false
Jacob Spielmann,,,false
Jacob Vallan,,,false
Jacob Volhard,,,false
Jacob Zwinger,,,false
Jacob van Bemmelen,,,false
Jacobus Kapteyn,,,false
Jacobus van t Hoff,Chemistry,1901,true
Jacques Berard,,,false
Jacques Bronfenbrenner,,,false
Jacques Cassini,,,false
Jacques Dubochet,Chemistry,2017,true
Jacques Fresco,,,false
Jacques Loeb,,,false
Jacques Monod,Medicine,1965,true
Jakob Milich,,,false
Jakob Vollhard,,,false
James Ackert,,,false
James Allison,Medicine,2018,true
James Beattie,,,false
James Black,Medicine,1988,true
James Bonner,,,false
James Bradley,,,false
James Brown,,,false
James Cattell,,,false
James Chadwick,Physics,1935,true
James Chesterton,,,false
James Collip,,,false
James Collman,,,false
James Conant,,,false
James Cronin,Physics,1980,true
James Crow,,,false
James Dana,,,false
James Danielli,,,false
James Darnell,,,false
James Dobbie,,,false
James Fairbairn,,,false
James Forbes,,,false
James Franck,Physics,1925,true
James Heckman,Economics,2000,true
James Hirsch,,,false
James Hogg,,,false
James Hutton,,,false
James Irvine,,,false
James Johnston,,,false
James Jurin,,,false
James Maxwell,,,false
James McBain,,,false
James McLellan,,,false
James Meade,Economics,1977,true
James Miller,,,false
James Murphy,,,false
James Norris,,,false
James Partington,,,false
James Peebles,Physics,2019,true
James Phillips,,,false
James Pitts,,,false
James Pound,,,false
James Priess,,,false
James R. Angell,,,false
James Rainwater,Physics,1975,true
James Reekie,,,false
James Rothman,Medicine,2013,true
James Stetten,,,false
James Strauss,,,false
James Sumner,Chemistry,1946,true
James Syme,,,false
James Tobin,Economics,1981,true
James Walker,,,false
James Watson,Medicine,1962,true
James Woodhouse,,,false
Jan Grutterink,,,false
Jan Hermans,,,false
Jan Oort,,,false
Jan Purkinje,,,false
Jan Sterba-Bohm,,,false
Jan Tinbergen,Economics,1969,true
Jan Wolterbeek,,,false
Jan van Swinden,,,false
Jan van der Hoeven,,,false
Jan-Kees Maan,,,false
Janne Rydberg,,,false
Jaroslav Heyrovsky,Chemistry,1959,true
Jean Brachet,,,false
Jean Brossel,,,false
Jean Cabannes,,,false
Jean Dausset,Medicine,1980,true
Jean Desaguliers,,,false
Jean Lobstein,,,false
Jean Perrin,Physics,1926,true
Jean Picard,,,false
Jean Piccard,,,false
Jean-Baptiste Biot,,,false
Jean-Baptiste Bucquet,,,false
Jean-Baptiste Delambre,,,false
Jean-Baptiste Dumas,,,false
Jean-Baptiste Fourier,,,false
Jean-Baptiste dAlembert,,,false
Jean-Baptiste de Lamarck,,,false
Jean-Claude Chermann,,,false
Jean-Dominique Cassini,,,false
Jean-Etienne Guettard,,,false
Jean-Jacques Weigle,,,false
Jean-Marie Lehn,Chemistry,1987,true
Jean-Martin Charcot,,,false
Jean-Pierre Sauvage,Chemistry,2016,true
Jeffrey Hall,Medicine,2017,true
Jeffries Wyman,,,false
Jennifer Doudna,Chemistry,2020,true
Jens Skou,Chemistry,1997,true
Jerard Hurwitz,,,false
Jeremy Thorner,,,false
Jerome Friedman,Physics,1990,true
Jerome Karle,Chemistry,1985,true
Jerome Vinograd,,,false
Jerrold Zacharias,,,false
Jesse Beams,,,false
Jesse Dumond,,,false
Jesse Greenstein,,,false
Jesse Roth,,,false
Joachim Frank,Chemistry,2017,true
Joachim Proust,,,false
Joannes Willmet,,,false
Jocelyn Thorpe,,,false
Joe Bertani,,,false
Joel Hildebrand,,,false
Johan Afzelius,,,false
Johan Fabricius,,,false
Johan Kraus,,,false
Johan Rossijn,,,false
Johan Widmark,,,false
Johan van Heurne,,,false
Johann A. Planer,,,false
Johann Bach,,,false
Johann Bartels,,,false
Johann Bauermuller,,,false
Johann Bauhin,,,false
Johann Bernoulli,,,false
Johann Blumenbach,,,false
Johann Bode,,,false
Johann Boecler,,,false
Johann Bohm,,,false
Johann Bruhl,,,false
Johann Buchner,,,false
Johann Burckhardt,,,false
Johann Busch,,,false
Johann C. Bauhin,,,false
Johann Christ,,,false
Johann Clarus,,,false
Johann D. Michaelis,,,false
Johann Daniels,,,false
Johann Deisenhofer,Chemistry,1988,true
Johann Doellinger,,,false
Johann Droysen,,,false
Johann Duvernoy,,,false
Johann Eck,,,false
Johann Ehlen,,,false
Johann Eichhorn,,,false
Johann Encke,,,false
Johann Ernesti,,,false
Johann Erxleben,,,false
Johann Faselius,,,false
Johann Fichte,,,false
Johann Fischer,,,false
Johann Frank,,,false
Johann Fried,,,false
Johann Gehler,,,false
Johann Geuther,,,false
Johann Glauber,,,false
Johann Gmelin,,,false
Johann Goldhagen,,,false
Johann Gottlieb,,,false
Johann Gottling,,,false
Johann H. Michaelis,,,false
Johann Haase,,,false
Johann Hahn,,,false
Johann Hannemann,,,false
Johann Hedwig,,,false
Johann Henckel,,,false
Johann Hennert,,,false
Johann Henninger,,,false
Johann Hermann,,,false
Johann III Bernoulli,,,false
Johann J. Planer,,,false
Johann Juncker,,,false
Johann Kniphof,,,false
Johann Kruger,,,false
Johann LeBrett,,,false
Johann Listing,,,false
Johann Lobstein,,,false
Johann Macasius,,,false
Johann Meckel,,,false
Johann Meyer,,,false
Johann Mulzer,,,false
Johann Pasch,,,false
Johann Pfaff,,,false
Johann Philip Boecler,,,false
Johann Platner,,,false
Johann Pohl,,,false
Johann Pott,,,false
Johann Quistorp,,,false
Johann Reil,,,false
Johann Ritter,,,false
Johann Roederer,,,false
Johann Rosenmuller,,,false
Johann Rucker,,,false
Johann Sachs,,,false
Johann Salzmann,,,false
Johann Scheid,,,false
Johann Schonlein,,,false
Johann Schreiber,,,false
Johann Schweigger,,,false
Johann Seger,,,false
Johann Semler,,,false
Johann Spangenberg,,,false
Johann Trommsdorf,,,false
Johann Wagner,,,false
Johann Wedel,,,false
Johann Wichmannshausen,,,false
Johann Wiegleb,,,false
Johann Zinn,,,false
Johann von Berger,,,false
Johann von Brunn,,,false
Johann von Gudden,,,false
Johann von Hildenbrand,,,false
Johann von Oppolzer,,,false
Johann von Raimann,,,false
Johann von Scherer,,,false
Johann von Schreber,,,false
Johann von Segner,,,false
Johannes Alberti,,,false
Johannes Bosscha,,,false
Johannes Braun,,,false
Johannes Bronsted,,,false
Johannes Coccejus,,,false
Johannes Fibiger,Medicine,1926,true
Johannes Hommel,,,false
Johannes Kepler,,,false
Johannes Lulofs,,,false
Johannes Muller,,,false
Johannes Munnicks,,,false
Johannes Orth,,,false
Johannes Schultens,,,false
Johannes Stark,Physics,1919,true
Johannes Stupanus,,,false
Johannes Thiele,,,false
Johannes Vallerius,,,false
Johannes Vesling,,,false
Johannes Voet,,,false
Johannes Wislicenus,,,false
Johannes de Bruyn,,,false
Johannes de Gorter,,,false
Johannes van Horne,,,false
Johannes van der Linden,,,false
Johannes van der Waals,Physics,1910,true
Johannes von Kries,,,false
John Abel,,,false
John Anderson,,,false
John B.S. Haldane,,,false
John Barclay,,,false
John Bardeen,Physics,1956,true
John Bardeen,Physics,1972,true
John Bates Clark,,,false
John Bell,,,false
John Bennett,,,false
John Bernal,,,false
John Bishop,,,false
John Bolton,,,false
John Brinkley,,,false
John Brobeck,,,false
John Bucher,,,false
John Burgess,,,false
John Cash,,,false
John Caswell,,,false
John Clauser,Physics,2022,true
John Cockcroft,Physics,1951,true
John Collie,,,false
John Conroy,,,false
John Cornforth,Chemistry,1975,true
John Coulter,,,false
John Cowper,,,false
John Dalton,,,false
John Dawson,,,false
John Dewey,,,false
John Dunning,,,false
John Eccles,Medicine,1963,true
John Edsall,,,false
John Enders,Medicine,1954,true
John Fenn,Chemistry,2002,true
John Ferguson,,,false
John Ferry,,,false
John Flamsteed,,,false
John Fleming,,,false
John Fulton,,,false
John Gerould,,,false
John Goodenough,Chemistry,2019,true
John Gough,,,false
John Gunn,,,false
John Gurdon,Medicine,2012,true
John Hall,Physics,2005,true
John Harsanyi,Economics,1994,true
John Hearst,,,false
John Henslow,,,false
John Hicks,Economics,1972,true
John Howland,,,false
John Hudson,,,false
John Hunter,,,false
John Joannapoulos,,,false
John Johnston,,,false
John Kendrew,Chemistry,1962,true
John King,,,false
John Kirkwood,,,false
John Langley,,,false
John Ledingham,,,false
John Lennard-Jones,,,false
John Leslie,,,false
John Linnett,,,false
John Loofbourow,,,false
John Macleod,Medicine,1923,true
John Marr,,,false
John Marshall,,,false
John Mather,Physics,2006,true
John Maynard Keynes,,,false
John McCrady,,,false
John Murlin,,,false
John Nafe,,,false
John Nash,Economics,1994,true
John Nef,,,false
John Neilands,,,false
John Nelson,,,false
John Newberry,,,false
John Northrop,Chemistry,1946,true
John Norton,,,false
John O Keefe,Medicine,2014,true
John Osborn,,,false
John Patterson,,,false
John Pell,,,false
John Platt,,,false
John Playfair,,,false
John Polanyi,Chemistry,1986,true
John Pople,Chemistry,1998,true
John Randall,,,false
John Ratcliffe,,,false
John Reed,,,false
John Rees,,,false
John Roberts,,,false
John Rock,,,false
John Rutherford,,,false
John S. Haldane,,,false
John Sanderson,,,false
John Schaeberle,,,false
John Sheehan,,,false
John Simonson,,,false
John Simpson,,,false
John Slater,,,false
John Spinks,,,false
John Stenhouse,,,false
John Stewart,,,false
John Strong,,,false
John Strutt,Physics,1904,true
John Sulston,Medicine,2002,true
John Tate,,,false
John Taylor,,,false
John Todd,,,false
John Torrey,,,false
John Townsend,,,false
John Trowbridge,,,false
John Vane,Medicine,1982,true
John Walker,Chemistry,1997,true
John Wallis,,,false
John Watson,,,false
John Wheeler,,,false
John Wilkins,,,false
John Williams,,,false
John Wulff,,,false
John Young,,,false
John van Vleck,Physics,1977,true
Jonathan Singer,,,false
Jonathan Uhr,,,false
Jonathan Zenneck,,,false
Jons Berzelius,,,false
Jons Svanberg,,,false
Jorgen Olson,,,false
Jose Zadunaisky,,,false
Josef Forster,,,false
Josef Herzig,,,false
Josef Hyrtl,,,false
Josef Redtenbacher,,,false
Josef Schmutzer,,,false
Josef von Rottenberger,,,false
Joseph Ames,,,false
Joseph Aub,,,false
Joseph Barcroft,,,false
Joseph Barth,,,false
Joseph Black,,,false
Joseph Bouckaert,,,false
Joseph Czermak,,,false
Joseph Delisle,,,false
Joseph Erlanger,Medicine,1944,true
Joseph Gall,,,false
Joseph Gay-Lussac,,,false
Joseph Goldstein,Medicine,1985,true
Joseph Lagrange,,,false
Joseph Larmor,,,false
Joseph Liouville,,,false
Joseph Lowering,,,false
Joseph Masin,,,false
Joseph Mayer,,,false
Joseph Murray,Medicine,1990,true
Joseph Needham,,,false
Joseph Oechy,,,false
Joseph Pawsey,,,false
Joseph Proust,,,false
Joseph Redtenbacher,,,false
Joseph Schumpeter,,,false
Joseph Serrurier,,,false
Joseph Taylor,Physics,1993,true
Joseph Thomson,Physics,1906,true
Joseph de LaLande,,,false
Joseph von Jacquin,,,false
Joseph von Littrow,,,false
Joseph-Guichard du Verney,,,false
Josephus Bernard,,,false
Joshua Lederberg,Medicine,1958,true
Josiah Cooke,,,false
Josiah Royce,,,false
Joyce Bearden,,,false
Jozef Stefan,,,false
Juan Negrin,,,false
Jules Bordet,Medicine,1919,true
Jules Geheniau,,,false
Jules Hoffmann,Medicine,2011,true
Jules Jamin,,,false
Jules Mace de Lepinay,,,false
Jules Piccard,,,false
Jules Violle,,,false
Julian Davies,,,false
Julian Schwinger,Physics,1965,true
Julius Axelrod,Medicine,1970,true
Julius Bernstein,,,false
Julius Cohnheim,,,false
Julius Plucker,,,false
Julius Sachs,,,false
Julius Stieglitz,,,false
Julius Stockhardt,,,false
Julius Thomsen,,,false
Julius Wagner von Jauregg,Medicine,1927,true
Julius Weisbach,,,false
Julius von Braun,,,false
Julius von Krombholz,,,false
Justus Gaule,,,false
Justus Loder,,,false
Justus von Liebich,,,false
Kai Siegbahn,Physics,1981,true
Kaj Linderstrom-Lang,,,false
Karl Asmund Rudolphi,,,false
Karl Beller,,,false
Karl Bonhoeffer,,,false
Karl Bruhns,,,false
Karl Compton,,,false
Karl Gerhardt,,,false
Karl Gustav Cassel,,,false
Karl Hasse,,,false
Karl Heider,,,false
Karl Herzfeld,,,false
Karl Himly,,,false
Karl Huppert,,,false
Karl Kastner,,,false
Karl Knies,,,false
Karl Krause,,,false
Karl Kronecker,,,false
Karl Lachmann,,,false
Karl Landsteiner,Medicine,1930,true
Karl Langer,,,false
Karl Lark-Horovitz,,,false
Karl Lashley,,,false
Karl Lehmann,,,false
Karl Link,,,false
Karl Mannheim,,,false
Karl Mayer,,,false
Karl Mobius,,,false
Karl Mollweide,,,false
Karl Pabst von Ohain,,,false
Karl Przibam,,,false
Karl Przibram,,,false
Karl Reinhold,,,false
Karl Schimper,,,false
Karl Schuetz,,,false
Karl Schultze,,,false
Karl Schwarzschild,,,false
Karl Schweigger,,,false
Karl Semper,,,false
Karl Singer,,,false
Karl Snell,,,false
Karl Tangl,,,false
Karl Thomas,,,false
Karl Wagner,,,false
Karl Weierstrass,,,false
Karl Westphal,,,false
Karl Wunderlich,,,false
Karl Ziegler,Chemistry,1963,true
Karl von Auwers,,,false
Karl von Frisch,Medicine,1973,true
Karl von Kupffer,,,false
Karl von Langsdorf,,,false
Karl von Rokitansky,,,false
Karl von Zittel,,,false
Karl-Heinz Hellwege,,,false
Karoly Than,,,false
Kary Mullis,Chemistry,1993,true
Kazutomo Imahori,,,false
Keiichi Shishido,,,false
Keith Lucas,,,false
Ken Jones,,,false
Kenichi Fukui,Chemistry,1981,true
Kenneth Arrow,Economics,1972,true
Kenneth Bainbridge,,,false
Kenneth Blackfan,,,false
Kenneth Cole,,,false
Kenneth Pitzer,,,false
Kenneth Thimann,,,false
Kenneth Wilson,Physics,1982,true
Kip Thorne,,,false
Kip Thorne,Physics,2017,true
Klaus Bock,,,false
Klaus Clusius,,,false
Klaus Dransfeld,,,false
Klaus Hasselmann,Physics,2021,true
Klaus Sander,,,false
Klaus Weber,,,false
Klaus von Klitzing,Physics,1985,true
Knut Angstrom,,,false
Knut Wicksell,,,false
Koji Nakanishi,,,false
Konrad Bloch,Medicine,1964,true
Konrad Gessner,,,false
Konrad Lorenz,Medicine,1973,true
Konstantin Novoselov,Physics,2010,true
Kuno Fischer,,,false
Kurt Alder,Chemistry,1950,true
Kurt Hensel,,,false
Kurt Mendelssohn,,,false
Kurt Meyer,,,false
Kurt Wallenfels,,,false
Kurt Wohl,,,false
Kurt Wuthrich,Chemistry,2002,true
L.J. Thenard,,,false
Ladislaus Bortkiewicz,,,false
Ladislav Tauc,,,false
Lafayette Mendel,,,false
Larry Overman,,,false
Lars Onsager,Chemistry,1968,true
Lash Miller,,,false
Lauder Jones,,,false
Laurence Laughlin,,,false
Lawrence Bragg,Physics,1915,true
Lawrence Brockway,,,false
Lawrence Henderson,,,false
Lawrence Jones,,,false
Lawrence Klein,Economics,1980,true
Lawrence Oncley,,,false
Lawrence Sandler,,,false
Lawrence Sendler,,,false
Lawrence Smith,,,false
Lazarus Fuchs,,,false
Lee DuBridge,,,false
Lee Travis,,,false
Leendert Bouman,,,false
Leland Hartwell,Medicine,2001,true
Lennard Wharton,,,false
Leo Goldberg,,,false
Leo Szilard,,,false
Leo Testut,,,false
Leon Cooper,Physics,1972,true
Leon Ledermann,Physics,1988,true
Leon Levintov,,,false
Leon Rosenfeld,,,false
Leon van Hove,,,false
Leonard Carmichael,,,false
Leonard Hill,,,false
Leonard Lerman,,,false
Leonard Loeb,,,false
Leonard Ornstein,,,false
Leonard Rowntree,,,false
Leonard Schiff,,,false
Leonce Elie de Beaumont,,,false
Leonhard Euler,,,false
Leonhart Fuchs,,,false
Leonid Hurwicz,Economics,2007,true
Leonid Kantorovich,Economics,1975,true
Leonid Mandelstam,,,false
Leonor Caron,,,false
Leonor Michaelis,,,false
Leopold Gmelin,,,false
Leopold Kronecker,,,false
Leopold Pfaundler,,,false
Leopold Ruzicka,Chemistry,1939,true
Leopold von Pebal,,,false
Leopold von Ranke,,,false
Leopoldo Lopez Garcia,,,false
Leslie Harris,,,false
Leslie Orgel,,,false
Leslie Sutton,,,false
Lester Barth,,,false
Lester Cooke,,,false
Lester Dragstedt,,,false
Lester Sharp,,,false
Lev Landau,Physics,1962,true
Lewis Heilbrunn,,,false
Lewis Wolpert,,,false
Linda Buck,Medicine,2004,true
Linus Pauling,Chemistry,1954,true
Lionel Robbins,,,false
Lise Meitner,,,false
Lloyd Kozloff,,,false
Lorand Eotvos,,,false
Lorenz Heister,,,false
Lorenz Oken,,,false
Lorenz von Crell,,,false
Lorenz von Stein,,,false
Lorrin Riggs,,,false
Louis Agassiz,,,false
Louis Diamond,,,false
Louis Fieser,,,false
Louis Gillespie,,,false
Louis Harris,,,false
Louis Ignarro,Medicine,1998,true
Louis Lapicque,,,false
Louis Neel,Physics,1970,true
Louis Osborne,,,false
Louis Pasteur,,,false
Louis Reichardt,,,false
Louis Vauquelin,,,false
Louis de Broglie,Physics,1929,true
Louis-Antoine Ranvier,,,false
Louis-Constant Prevost,,,false
Luc Montagnier,Medicine,2008,true
Ludolf von Krehl,,,false
Ludolph van Keulen,,,false
Ludwig Aschoff,,,false
Ludwig Barth von Barthenau,,,false
Ludwig Boltzmann,,,false
Ludwig Fick,,,false
Ludwig Gilbert,,,false
Ludwig Knorr,,,false
Ludwig Prandtl,,,false
Ludwig Traube,,,false
Ludwig von Mises,,,false
Luigi Puccianti,,,false
Luis Alvarez,,,false
Luis Leloir,Chemistry,1970,true
Luis Simarro-Lacabra,,,false
Luiz Alvarez,Physics,1968,true
Luther Hector,,,false
Lyman Spitzer,,,false
Lyon Playfair,,,false
MJP Flourens,,,false
Maarten Schmidt,,,false
Makoto Kobayashi,Physics,2008,true
Malcolm Applebey,,,false
Malcolm Crawford,,,false
Malcolm Dixon,,,false
Malcolm Steinberg,,,false
Malcolm Strandberg,,,false
Manfred Eigen,Chemistry,1967,true
Manne Siegbahn,Physics,1924,true
Manuel la Gasca Segura,,,false
Marcel Bessis,,,false
Marcel Brillouin,,,false
Marcel Dehalu,,,false
Marcello Conversi,,,false
Marcello Malpighi,,,false
Marcos Rubio,,,false
Marcus Mappus,,,false
Marguerite Denariez-Roberge,,,false
Maria Goepper-Mayer,Physics,1963,true
Marie Sklodowska Curie,Chemistry,1911,true
Marie Sklodowska Curie,Physics,1903,true
Marine Mersenne,,,false
Mario Camis,,,false
Mario Capecchi,Medicine,2007,true
Mario Molina,Chemistry,1995,true
Marjory Stephenson,,,false
Mark Bednarski,,,false
Mark Cardillo,,,false
Mark Oliphant,,,false
Marshall Nirenberg,Medicine,1968,true
Marston Bogert,,,false
Marten Stromer,,,false
Martha Vaughan,,,false
Martin Chalfie,Chemistry,2008,true
Martin Deutsch,,,false
Martin Evans,Medicine,2007,true
Martin Gouterman,,,false
Martin Hanke,,,false
Martin Kamen,,,false
Martin Karplus,Chemistry,2013,true
Martin Kilpatrick,,,false
Martin Klaproth,,,false
Martin Knutzen,,,false
Martin Lichtenstein,,,false
Martin Ohm,,,false
Martin Perl,,,false
Martin Perl,Physics,1995,true
Martin Pollock,,,false
Martin Rodbell,Medicine,1994,true
Martin Ryle,Physics,1974,true
Martinus Beijerinck,,,false
Martinus Veltman,Physics,1999,true
Martinus van Marum,,,false
Marvin Cohen,,,false
Mary Lou Pardue,,,false
Masaki Hayashi,,,false
Masatoshi Koshiba,Physics,2002,true
Mathias Duval,,,false
Matthew Meselson,,,false
Matthew Parker,,,false
Matthew Stewart,,,false
Matthias Ecker,,,false
Matthias Schleiden,,,false
Matthias van Geuns,,,false
Maurice Goldhaber,,,false
Maurice Nicloux,,,false
Maurice Seevers,,,false
Maurice Wilkins,Medicine,1962,true
Max Bergmann,,,false
Max Birnstiel,,,false
Max Bodenstein,,,false
Max Born,Physics,1954,true
Max Burger,,,false
Max Delbruck,Medicine,1969,true
Max Dellbruck,,,false
Max Dieckmann,,,false
Max Dunn,,,false
Max Frankel,,,false
Max Furbringer,,,false
Max Hartmann,,,false
Max Jaffe,,,false
Max Knoll,,,false
Max Kohler,,,false
Max Meyer,,,false
Max Perutz,Chemistry,1962,true
Max Planck,Physics,1918,true
Max Rubner,,,false
Max Schultze,,,false
Max Siegfried,,,false
Max Theiler,Medicine,1951,true
Max Tishler,,,false
Max Verworn,,,false
Max Wien,,,false
Max le Blanc,,,false
Max von Gruber,,,false
Max von Laue,Physics,1914,true
Max von Pettenkofer,,,false
Maximilian Duncker,,,false
Maximilian Leidesdorf,,,false
Maximilian Stoll,,,false
Maxwell Finland,,,false
May-Britt Moser,Medicine,2014,true
Meinard de Pui,,,false
Meinard du Pui,,,false
Melchior Sebisch,,,false
Melchior Sebisch III,,,false
Melvin Calvin,Chemistry,1961,true
Melvin Cohn,,,false
Melvin Schwartz,Physics,1988,true
Menelaus Winsemius,,,false
Merle Battiste,,,false
Merton Miller,Economics,1990,true
Meryl Rose,,,false
Michael Alberti,,,false
Michael Bishop,Medicine,1989,true
Michael Brown,Medicine,1985,true
Michael Faraday,,,false
Michael Fischberg,,,false
Michael Foster,,,false
Michael Heidelberger,,,false
Michael Houghton,Medicine,2020,true
Michael Isaacson,,,false
Michael Jager,,,false
Michael Kasha,,,false
Michael Kosterlitz,Physics,2016,true
Michael Levitt,Chemistry,2013,true
Michael Malley,,,false
Michael Polanyi,,,false
Michael Pupin,,,false
Michael Rosbash,Medicine,2017,true
Michael Smith,Chemistry,1993,true
Michael Stoker,,,false
Michael Swann,,,false
Michael Tinkham,,,false
Michael Young,Medicine,2017,true
Michel Chasles,,,false
Michel Magat,,,false
Michel Mayor,Physics,2019,true
Michel-Eugene Chevreul,,,false
Michitada Kawakita,,,false
Mihaly von Lenhossek,,,false
Mike Fried,,,false
Mike Fuortes,,,false
Mikhail Leontovich,,,false
Mikhail Lomonosov,,,false
Mikhail Ostrogradsky,,,false
Milislav Demerec,,,false
Milton Friedman,Economics,1976,true
Milton Rosenau,,,false
Mily Bilakirev,,,false
Mohamad Mirza,,,false
Moritz Drobisch,,,false
Moritz Litten,,,false
Moritz Nussbaum,,,false
Morrel Cohen,,,false
Morris Kharasch,,,false
Morritz Schiff,,,false
Morten Meldal,Chemistry,2022,true
Morton Kaplon,,,false
Morton Klein,,,false
Moses Gomberg,,,false
Mowbray Ritchie,,,false
Murdoch Mitchison,,,false
Murray Gell-Mann,Physics,1969,true
Murray Luck,,,false
Murray Saffran,,,false
Myron Levine,,,false
NC Fabri de Peiresc,,,false
Natalia Sozina,,,false
Nathan Kaplan,,,false
Nathaniel Bowditch,,,false
Nathaniel Pringsheim,,,false
Nathaniel Shaler,,,false
Neil Adam,,,false
Nevil Maskelyne,,,false
Nevill Mott,Physics,1977,true
Neville Sidgwick,,,false
Nicholas Kemmer,,,false
Nicholas Kurti,,,false
Nicola Cabibbo,,,false
Nicolaas Bloembergen,Physics,1981,true
Nicolaas Oosterdijk,,,false
Nicolaas Paradijs,,,false
Nicolaas de Fremery,,,false
Nicolai Pirogov,,,false
Nicolas Malebranche,,,false
Nicolas-Louis de Lacaille,,,false
Nicolaus Copernicus,,,false
Nicolaus Mulerius,,,false
Nicolaus Schroder,,,false
Nicolay Basov,Physics,1964,true
Niels Bohr,Physics,1922,true
Niels Jerne,Medicine,1984,true
Niko Tinbergen,Medicine,1973,true
Nikolai Brashman,,,false
Nikolai Lobachevsky,,,false
Nikolai Zinin,,,false
Nikolaus Eglinger,,,false
Nikolaus Friedreich,,,false
Nikolaus von Jacquin,,,false
Nikolay Semenov,Chemistry,1956,true
Noah Porter,,,false
Norman Craig,,,false
Norman Cromwell,,,false
Norman Davidson,,,false
Norman Horowitz,,,false
Norman Kharasch,,,false
Norman Pirie,,,false
Norman Ramsey,Physics,1989,true
Norman Sheppard,,,false
Norman Sutherland,,,false
Norris Hall,,,false
Norton Zinder,,,false
O. Lindberg,,,false
Odd Hassel,Chemistry,1969,true
Ogden Rood,,,false
Ojvind Winge,,,false
Oliver Holmes,,,false
Oliver Jenkins,,,false
Oliver Lowry,,,false
Oliver Smithies,Medicine,2007,true
Oliver Strong,,,false
Oliver Williamson,Economics,2009,true
Olof Rudbeck,,,false
Ondess Inman,,,false
Oreste Piccioni,,,false
Orville Denstedt,,,false
Osama Shimomura,Chemistry,2008,true
Oscar Allen,,,false
Oscar Rice,,,false
Oskar Heinroth,,,false
Oskar Hertwig,,,false
Oskar Klein,,,false
Oskar Piloty,,,false
Oskar Widmann,,,false
Oskar Wintersteiner,,,false
Ossian Aschan,,,false
Oswald Avery,,,false
Oswald Heer,,,false
Oswald Schmiedeberg,,,false
Oswald Veblen,,,false
Otfrid Foerster,,,false
Otto Butschli,,,false
Otto Creutzfeldt,,,false
Otto Diels,Chemistry,1950,true
Otto Erdmann,,,false
Otto Fischer,,,false
Otto Folin,,,false
Otto Frank,,,false
Otto Frisch,,,false
Otto Hahn,Chemistry,1944,true
Otto Hesse,,,false
Otto Heurnius,,,false
Otto Loewi,Medicine,1936,true
Otto Lummer,,,false
Otto Maass,,,false
Otto Mangold,,,false
Otto Meyerhof,Medicine,1922,true
Otto Sackur,,,false
Otto Stern,Physics,1943,true
Otto Wallach,Chemistry,1910,true
Otto Warburg,Medicine,1931,true
Owen Chamberlain,Physics,1959,true
Owen Richardson,Physics,1928,true
P.C. Antoine-Louis,,,false
Pafnuty Chebychev,,,false
Pamela Cowin,,,false
Patrice Courvalin,,,false
Patricia Spear,,,false
Patrick Blackett,Physics,1948,true
Patrick Manson,,,false
Patrick Thaddeus,,,false
Paul Bartlett,,,false
Paul Berg,Chemistry,1980,true
Paul Boyer,Chemistry,1997,true
Paul Cherbuliez,,,false
Paul Corkum,,,false
Paul Crutzen,Chemistry,1995,true
Paul Dirac,Physics,1933,true
Paul Drude,,,false
Paul Ehrenfest,,,false
Paul Ehrlich,Medicine,1908,true
Paul Ewald,,,false
Paul Flechsig,,,false
Paul Flory,Chemistry,1974,true
Paul Greengard,Medicine,2000,true
Paul Guthnick,,,false
Paul Hazard,,,false
Paul Jaccard,,,false
Paul Jannasch,,,false
Paul Karrer,Chemistry,1937,true
Paul Knopf,,,false
Paul Langevin,,,false
Paul Lauterbur,Medicine,2003,true
Paul Matthews,,,false
Paul Modrich,Chemistry,2015,true
Paul Muller,Medicine,1948,true
Paul Niggli,,,false
Paul Nurse,Medicine,2001,true
Paul Patterson,,,false
Paul Phillips,,,false
Paul Richards,,,false
Paul Sabatier,Chemistry,1912,true
Paul Samuelson,Economics,1970,true
Paul Scherrer,,,false
Paul Vogel,,,false
Paul Weiss,,,false
Paul von Groth,,,false
Paulus Hulsius,,,false
Paulus Voet,,,false
Pavel Cherenkov,Physics,1958,true
Peder Holm,,,false
Pedro Echeandia,,,false
Per Andersen,,,false
Per Cleve,,,false
Per Peterson,,,false
Percy Bridgman,Physics,1946,true
Percy Frankland,,,false
Peter Debye,Chemistry,1936,true
Peter Dickens,,,false
Peter Doherty,Medicine,1996,true
Peter Grassmann,,,false
Peter Grunberg,Physics,2007,true
Peter Havas,,,false
Peter Higgs,Physics,2013,true
Peter Karlson,,,false
Peter Krukenberg,,,false
Peter Mansfield,Medicine,2003,true
Peter Medawar,Medicine,1960,true
Peter Mezger,,,false
Peter Mitchell,Chemistry,1978,true
Peter Moore,,,false
Peter Panum,,,false
Peter Pringsheim,,,false
Peter Rogers,,,false
Peter Rona,,,false
Peter Ryff,,,false
Peter Tait,,,false
Peter Toschek,,,false
Peter Werenfels,,,false
Peter Wyder,,,false
Peter Yates,,,false
Petrus Elvius,,,false
Petrus Hoffvenius,,,false
Petrus Molinaeus,,,false
Petrus Ramus,,,false
Peyton Rous,Medicine,1966,true
Phanor Perot,,,false
Philip Anderson,Physics,1977,true
Philip Anderson,,,false
Philip Bard,,,false
Philip Boecler,,,false
Philip Dybvig,Economics,2022,true
Philip Hench,Medicine,1950,true
Philip Leder,,,false
Philip Leighton,,,false
Philip Lenard,Physics,1905,true
Philip Meckel,,,false
Philip Morrison,,,false
Philip Morse,,,false
Philip von Jolly,,,false
Philip von Walther,,,false
Philippe Barbier,,,false
Phillip Hiss,,,false
Phillip Kohnstamm,,,false
Phillip Owsyannykow,,,false
Phillip Sharp,Medicine,1993,true
Phoebus Levene,,,false
Pierre Berthelot,,,false
Pierre Berthier,,,false
Pierre Bertholet,,,false
Pierre Bouvier,,,false
Pierre Curie,Physics,1903,true
Pierre Daure,,,false
Pierre Deherain,,,false
Pierre Fleury,,,false
Pierre Gassendi,,,false
Pierre Gavaudan,,,false
Pierre Joly,,,false
Pierre Macquer,,,false
Pierre Maupertuis,,,false
Pierre Mechain,,,false
Pierre Varignon,,,false
Pierre Weiss,,,false
Pierre de Peyster Ricketts,,,false
Pierre le Monnier,,,false
Pierre-Charles Louis,,,false
Pierre-Gilles de Gennes,Physics,1991,true
Pierre-Joseph Desault,,,false
Pierre-Simon Laplace,,,false
Pieter Camper,,,false
Pieter Gaillard,,,false
Pieter Pauw,,,false
Pieter Rijke,,,false
Pieter Uylenbroek,,,false
Pieter Zeeman,Physics,1902,true
Pieter van Kerckhoff,,,false
Pieter van Musschenbroek,,,false
Pieter van Rhijn,,,false
Pietro Blaserna,,,false
Pio del Rio-Hortega,,,false
Placidus Plattner,,,false
Polykarp Kusch,Physics,1955,true
Pyotr Kapitsa,Physics,1978,true
Pyotr Lebedev,,,false
Quirino Majorana,,,false
Raemer Renshaw,,,false
Rafael Pasternak,,,false
Ragnar Granit,Medicine,1967,true
Rainer Weiss,Physics,2017,true
Ralph Curtiss,,,false
Ralph DiLeone,,,false
Ralph Fowler,,,false
Ralph Gerard,,,false
Ralph Reisfeld,,,false
Ralph Sawyer,,,false
Ralph Steinman,Medicine,2011,true
Ramsey Wright,,,false
Randy Schekman,Medicine,2013,true
Ray Wu,,,false
Raymond Birge,,,false
Raymond Davis,Physics,2002,true
Raymond Stetson,,,false
Reginald Fisher,,,false
Reginald James,,,false
Reginald Linstead,,,false
Reinhard Genzel,Physics,2020,true
Reinhard Selten,Economics,1994,true
Renato Dulbecco,Medicine,1975,true
Rene Descartes,,,false
Rene Desfontaines,,,false
Rene Dubos,,,false
Rene Laennec,,,false
Reynerus Bontius,,,false
Reynold Fuson,,,false
Ricardo Giacconi,Physics,2002,true
Riccardo Felici,,,false
Richard Abegg,,,false
Richard Adrien,,,false
Richard Anschutz,,,false
Richard Axel,Medicine,2004,true
Richard Becker,,,false
Richard Brauer,,,false
Richard Bruck,,,false
Richard Caves,,,false
Richard Cox,,,false
Richard Cyert,,,false
Richard Dixon,,,false
Richard Eden,,,false
Richard Ely,,,false
Richard Ernst,Chemistry,1991,true
Richard Feynman,Physics,1965,true
Richard Franklin,,,false
Richard Garwin,,,false
Richard Goldschmidt,,,false
Richard Good,,,false
Richard Heck,Chemistry,2010,true
Richard Henderson,Chemistry,2017,true
Richard Hesse,,,false
Richard Jones,,,false
Richard Jung,,,false
Richard Kuhn,Chemistry,1938,true
Richard Lerner,,,false
Richard Morris,,,false
Richard Muller,,,false
Richard Novick,,,false
Richard Owen,,,false
Richard Roberts,Medicine,1993,true
Richard Schrock,Chemistry,2005,true
Richard Setlow,,,false
Richard Smalley,Chemistry,1996,true
Richard Stradling,,,false
Richard Synge,Chemistry,1952,true
Richard Taylor,Physics,1990,true
Richard Tolman,,,false
Richard Willstatter,Chemistry,1915,true
Richard Zsigmondy,Chemistry,1925,true
Richard van Rees,,,false
Richard von Hertwig,,,false
Richard von Krafft-Ebing,,,false
Richard von Zeynek,,,false
Riojun Kinosita,,,false
Rita Levi-Montalcini,Medicine,1986,true
Roald Hoffmann,Chemistry,1981,true
Robert Alberty,,,false
Robert Bacher,,,false
Robert Barany,Medicine,1914,true
Robert Bassin,,,false
Robert Boyle,,,false
Robert Brout,,,false
Robert Buchanan,,,false
Robert Bunsen,,,false
Robert Connick,,,false
Robert Curl,Chemistry,1996,true
Robert Diamond,,,false
Robert Dicke,,,false
Robert Edgar,,,false
Robert Edwards,Medicine,2010,true
Robert Elderfield,,,false
Robert Engle,Economics,2003,true
Robert Furchgott,Medicine,1998,true
Robert Galambos,,,false
Robert Garry,,,false
Robert Gesell,,,false
Robert Glaeser,,,false
Robert Glaser,,,false
Robert Grant,,,false
Robert Grubbs,Chemistry,2005,true
Robert H.S. Thompson,,,false
Robert Hare,,,false
Robert Hockett,,,false
Robert Hofstadter,Physics,1961,true
Robert Holley,Medicine,1968,true
Robert Hooke,,,false
Robert Horvitz,Medicine,2002,true
Robert Huber,Chemistry,1988,true
Robert Huggins,,,false
Robert Ireland,,,false
Robert Jameson,,,false
Robert Kirshner,,,false
Robert Kline,,,false
Robert Koch,Medicine,1905,true
Robert Laughlin,Physics,1998,true
Robert Lefkowitz,Chemistry,2012,true
Robert Lehman,,,false
Robert Liston,,,false
Robert Luther,,,false
Robert Marshak,,,false
Robert McMath,,,false
Robert Merton,,,false
Robert Millikan,Physics,1923,true
Robert Mozley,,,false
Robert Mullikan,Chemistry,1966,true
Robert Oppenheimer,,,false
Robert Perlman,,,false
Robert Pohl,,,false
Robert Pound,,,false
Robert Remak,,,false
Robert Richardson,Physics,1996,true
Robert Robinson,Chemistry,1947,true
Robert Schrieffer,Physics,1972,true
Robert Schumacher,,,false
Robert Sears,,,false
Robert Serber,,,false
Robert Shulman,,,false
Robert Simpson,,,false
Robert Sinsheimer,,,false
Robert Smith,,,false
Robert Swain,,,false
Robert Tatlock,,,false
Robert W. Thompson,,,false
Robert Walker,,,false
Robert Webb,,,false
Robert Wilson,Physics,1978,true
Robert Wood,,,false
Robert Woodward,Chemistry,1965,true
Robert van de Graaff,,,false
Robin Hochstrasser,,,false
Robley Evans,,,false
Rodney Cool,,,false
Rodney Porter,Medicine,1972,true
Roger Adams,,,false
Roger Beer,,,false
Roger Cotes,,,false
Roger Guillemin,Medicine,1977,true
Roger Herriott,,,false
Roger Kornberg,Chemistry,2006,true
Roger Penrose,Physics,2020,true
Roger Sperry,Medicine,1981,true
Roger Tsien,Chemistry,2008,true
Roger Williams,,,false
Rolf Huisgen,,,false
Rolf Nothiger,,,false
Rolf Zinkernagel,Medicine,1996,true
Rollin Hotchkiss,,,false
Rollins Emerson,,,false
Ronald Bell,,,false
Ronald Breslow,,,false
Ronald Melzack,,,false
Ronald Norrish,Chemistry,1967,true
Ronald Ross,Medicine,1902,true
Rosalind Franklin,,,false
Rosalyn Yalow,Medicine,1977,true
Roscoe Dickenson,,,false
Ross Gortner,,,false
Ross Harrison,,,false
Rowling Barnes,,,false
Roy Glauber,Physics,2005,true
Royal Stark,,,false
Ruby Payne-Scott,,,false
Rudolf Buchheim,,,false
Rudolf Camerarius,,,false
Rudolf Clausius,,,false
Rudolf Clebsch,,,false
Rudolf Forsten,,,false
Rudolf Froriep,,,false
Rudolf Heidenhahn,,,false
Rudolf Hilsch,,,false
Rudolf Knietsch,,,false
Rudolf Krauss,,,false
Rudolf Ladenburg,,,false
Rudolf Leuckart,,,false
Rudolf Lipschitz,,,false
Rudolf Lotze,,,false
Rudolf Lukes,,,false
Rudolf Mees,,,false
Rudolf Mossbauer,Physics,1961,true
Rudolf Schmitt,,,false
Rudolf Schoenheimer,,,false
Rudolf Snellius,,,false
Rudolf Virchow,,,false
Rudolf Vogel,,,false
Rudolf Wagner,,,false
Rudolf Wegscheider,,,false
Rudolf Weinland,,,false
Rudolph Anderson,,,false
Rudolph Marcus,Chemistry,1992,true
Rudolph Peters,,,false
Rufus Cole,,,false
Russell Chittenden,,,false
Russell Hulse,Physics,1993,true
Ryoji Noyori,Chemistry,2001,true
Sajiro Makino,,,false
Salomon Stricker,,,false
Salvador Luria,Medicine,1969,true
Sam Treiman,,,false
Samuel Allison,,,false
Samuel Barondes,,,false
Samuel Bigelow,,,false
Samuel Butler,,,false
Samuel Danishefsky,,,false
Samuel Goudsmit,,,false
Samuel Johnson,,,false
Samuel Klingenstierna,,,false
Samuel Konig,,,false
Samuel Mast,,,false
Samuel McElvain,,,false
Samuel Schryver,,,false
Samuel Smiles,,,false
Samuel Soemmering,,,false
Samuel Ting,Physics,1976,true
Samuil Shatunovksy,,,false
Santiago Ramon y Cajal,Medicine,1906,true
Sape Talma,,,false
Sara Jane Rhoads,,,false
Satoshi Omura,Medicine,2015,true
Saul Perlmutter,Physics,2011,true
Saul Surrey,,,false
Saul Winstein,,,false
Sebald Brugmans,,,false
Sebastian Vaillant,,,false
Seishi Kikuchi,,,false
Selig Hecht,,,false
Selman Waksman,Medicine,1952,true
Serge Haroche,Physics,2012,true
Serge Korff,,,false
Serge Lowenthal,,,false
Sergei Botkin,,,false
Sergey Rytov,,,false
Sergey Vavilov,,,false
Severo Ochoa,Medicine,1959,true
Seymour Benzer,,,false
Seymour Kety,,,false
Sheldon Glashow,Physics,1979,true
Sheldon Penman,,,false
Sherwood Rowland,Chemistry,1995,true
Shields Warren,,,false
Shin-Ichiro Tomonaga,Physics,1965,true
Shinijiro Kodama,,,false
Shinya Yamanata,Medicine,2012,true
Shirley Quimby,,,false
Shneior Lifson,,,false
Shoichi Sakata,,,false
Sidney Coleman,,,false
Sidney Colowick,,,false
Sidney Farber,,,false
Sidney Millman,,,false
Siegfried Bok,,,false
Siegfried Hunklinger,,,false
Siegmund Baumgarten,,,false
Sigmund Freud,,,false
Silas Douglas,,,false
Silas Mitchell,,,false
Silvio Fallab,,,false
Simeon-Denis Poisson,,,false
Simon Bauer,,,false
Simon Flexner,,,false
Simon Hilscher,,,false
Simon Hilschner,,,false
Simon Kuznets,Economics,1971,true
Simon Wender,,,false
Simon le Breton,,,false
Simon van der Meer,Physics,1984,true
Sol Spiegelman,,,false
Solomon Lefschetz,,,false
Sophus Jorgensen,,,false
Soren Orskov,,,false
Soren Rasmuson,,,false
Soren Sorensen,,,false
Stanford Moore,Chemistry,1972,true
Stanislaw Kostanecki,,,false
Stanley Black,,,false
Stanley Cohen,Medicine,1986,true
Stanley Fischer,,,false
Stanley Prusiner,Medicine,1997,true
Stanley Swingle,,,false
Stanley Whittingham,Chemistry,2019,true
Stanley van Voorhis,,,false
Stefan Hell,Chemistry,2014,true
Stefan Hufner,,,false
Stefan Meyer,,,false
Stepan Rumovsky,,,false
Stephen Babcock,,,false
Stephen Benkovic,,,false
Stephen Kuffler,,,false
Stephen Ranson,,,false
Stephen Ross,,,false
Stephen Whisson,,,false
Steven Chu,Physics,1997,true
Steven Creed,,,false
Steven Rosen,,,false
Steven Weinberg,Physics,1979,true
Stylianos Antonarakis,,,false
Subramanyan Chandrasekhar,Physics,1983,true
Sune Bergstrom,Medicine,1982,true
Susan Ervin-Tripp,,,false
Susumu Ohno,,,false
Susumu Tonegawa,Medicine,1987,true
Svante Arrhenius,Chemistry,1903,true
Svante Paabo,Medicine,2022,true
Sydney Altman,Chemistry,1989,true
Sydney Barnes,,,false
Sydney Brenner,Medicine,2002,true
Sydney Chapman,,,false
Sydney Kay,,,false
Sydney Norton,,,false
Ta-Chung Liu,,,false
Ta-You Wu,,,false
Takaaki Kajita,Physics,2015,true
Takeshi Matsumoto,,,false
Talcott Parsons,,,false
Tasuku Honjo,Medicine,2018,true
Teijiro Yonezawa,,,false
Tenney Davis,,,false
Thadeusz Reichstein,Medicine,1950,true
Theodoor van Almeloveen,,,false
Theodor Ackermann,,,false
Theodor Billroth,,,false
Theodor Boveri,,,false
Theodor Curtius,,,false
Theodor Eimer,,,false
Theodor Engelmann,,,false
Theodor Hansch,Physics,2005,true
Theodor Kocher,Medicine,1909,true
Theodor Meynert,,,false
Theodor Mommsen,,,false
Theodor Svedberg,Chemistry,1926,true
Theodor Zincke,,,false
Theodor Zwinger,,,false
Theodor Zwinger III,,,false
Theodor von Bischoff,,,false
Theodore Rall,,,false
Theodore Richards,Chemistry,1914,true
Theodorus Craanen,,,false
Theodorus van der Graeff,,,false
Theophil Prudden,,,false
Theophile Pelouze,,,false
Theophile de Donder,,,false
Thomas Anderson,,,false
Thomas Barker,,,false
Thomas Beddoes,,,false
Thomas Bonney,,,false
Thomas Bruice,,,false
Thomas Carnelley,,,false
Thomas Cech,Chemistry,1989,true
Thomas Cranmer,,,false
Thomas Easterfield,,,false
Thomas Edison,,,false
Thomas Erastus,,,false
Thomas Erpenius,,,false
Thomas Graham,,,false
Thomas Hope,,,false
Thomas Hughes,,,false
Thomas Huxley,,,false
Thomas Innerarity,,,false
Thomas Jones,,,false
Thomas Laby,,,false
Thomas Lauth,,,false
Thomas Lowry,,,false
Thomas Mayer,,,false
Thomas Morgan,Medicine,1933,true
Thomas Nutall,,,false
Thomas Osborne,,,false
Thomas Patterson,,,false
Thomas Place,,,false
Thomas Postlethwaite,,,false
Thomas Spencer,,,false
Thomas Steitz,Chemistry,2009,true
Thomas Stevenson,,,false
Thomas Sudhof,Medicine,2013,true
Thomas Thompson,,,false
Thomas Thomson,,,false
Thomas Thorpe,,,false
Thomas Turner,,,false
Thomas W. Jones,,,false
Thomas Weller,Medicine,1954,true
Thomas Willis,,,false
Thomas Young,,,false
Thorfin Hogness,,,false
Thorstein Veblen,,,false
Tiberius Hemsterhuis,,,false
Tim Hunt,Medicine,2001,true
Timothy Rink,,,false
Tjalling Koopmans,Economics,1975,true
Tobias Thalen,,,false
Tomas Lindahl,Chemistry,2015,true
Tomas Masaryk,,,false
Tomoyasu Tanaka,,,false
Torben Bergman,,,false
Torsten Thunberg,,,false
Torsten Wiesel,Medicine,1981,true
Torsten Wiken,,,false
Toshihide Maskawa,Physics,2008,true
Tracy Sonneborn,,,false
Treat Johnson,,,false
Tsunetaro Kuijirai,,,false
Tsung-Dao Lee,Physics,1957,true
Tycho Brahe,,,false
Ulf von Euler,Medicine,1970,true
Ullrich Grubenmann,,,false
Ulrich Zasius,,,false
Urs Leopold,,,false
Val Fitch,Physics,1980,true
Valdemar Henriques,,,false
Valentin Magnan,,,false
Valentin Naboth,,,false
Valentin Thau,,,false
Van Potter,,,false
Venkatraman Ramakrishnan,Chemistry,2009,true
Verner Schomaker,,,false
Vernon Smith,Economics,2002,true
Vicente Lorente,,,false
Victor Ambros,,,false
Victor Babes,,,false
Victor Bloomfield,,,false
Victor Cornil,,,false
Victor Grignard,Chemistry,1912,true
Victor Hensen,,,false
Victor Hess,Physics,1936,true
Victor Julius,,,false
Victor Petrashov,,,false
Victor Regnault,,,false
Victor Whittaker,,,false
Victor von Haller,,,false
Viktor Hamburger,,,false
Viktor Meyer,,,false
Viktor Weisskopf,,,false
Viktor von Lang,,,false
Vilhelm Bjerknes,,,false
Vilray Blair,,,false
Vincent Fohmann,,,false
Vincent Groupe,,,false
Vincent du Vigneaud,Chemistry,1955,true
Vincenzo Viviani,,,false
Vitaly Ginzburg,Physics,2003,true
Vittorio Aducco,,,false
Vladimir Prelog,Chemistry,1975,true
Vladimir Smirnov,,,false
Vladimir Steklov,,,false
Vladimir Tuchkevic,,,false
Vladimir Veksler,,,false
Vojtech Safarik,,,false
Volkert Maarten,,,false
W.E. Johnson,,,false
W.F. Wilcox,,,false
Wade Marshall,,,false
Walker Bleakney,,,false
Wallace Carothers,,,false
Wallace Sabine,,,false
Wallace Sargent,,,false
Walter Ball,,,false
Walter Bonner,,,false
Walter Brattain,Physics,1956,true
Walter Cannon,,,false
Walter Colby,,,false
Walter Dandy,,,false
Walter Dearborn,,,false
Walter Fletcher,,,false
Walter Gehring,,,false
Walter Gilbert,Chemistry,1980,true
Walter Haworth,Chemistry,1937,true
Walter Hess,Medicine,1949,true
Walter Hieber,,,false
Walter Hoppe,,,false
Walter Jacobs,,,false
Walter Kohn,Chemistry,1998,true
Walter Lauer,,,false
Walter Makous,,,false
Walter Spielmeyer,,,false
Walter Stockmayer,,,false
Walter Taggart,,,false
Walter Tolmien,,,false
Walther Borsche,,,false
Walther Bothe,Physics,1954,true
Walther Gerlach,,,false
Walther Meissner,,,false
Walther Nernst,Chemistry,1920,true
Walther Taylor,,,false
Wander de Haas,,,false
Warren Lombard,,,false
Wassily Leontief,Economics,1973,true
Wendall Stanley,Chemistry,1946,true
Wendell Latimer,,,false
Werner Arber,Medicine,1978,true
Werner Bachmann,,,false
Werner Bergmann,,,false
Werner Forssmann,Medicine,1956,true
Werner Francke,,,false
Werner Heisenberg,Physics,1932,true
Werner Henle,,,false
Werner Martienssen,,,false
Werner Rolfinck,,,false
Werner Schafer,,,false
Werner Sombart,,,false
Wesley Clair Mitchell,,,false
Wesley Spink,,,false
Wheeler Loomis,,,false
Wilbur Atwater,,,false
Wilder Bancroft,,,false
Wilder Penfield,,,false
Wilhelm Bucholz,,,false
Wilhelm Fittig,,,false
Wilhelm Fleischmann,,,false
Wilhelm Foerster,,,false
Wilhelm Griesinger,,,false
Wilhelm Hankel,,,false
Wilhelm Heintz,,,false
Wilhelm Knopfelmacher,,,false
Wilhelm Kuhne,,,false
Wilhelm Lenz,,,false
Wilhelm Lexis,,,false
Wilhelm Ostwald,Chemistry,1909,true
Wilhelm Peters,,,false
Wilhelm Ploucquet,,,false
Wilhelm Rontgen,Physics,1901,true
Wilhelm Roscher,,,false
Wilhelm Schlenk,,,false
Wilhelm Schreibner,,,false
Wilhelm Staedel,,,false
Wilhelm Wahlschmidt,,,false
Wilhelm Weber,,,false
Wilhelm Wien,Physics,1911,true
Wilhelm Wundt,,,false
Wilhelm von Miller,,,false
Wilhelm von Mollendorff,,,false
Wilhelm von Wittich,,,false
Wilhelmus Keesom,,,false
Wilhelmus van Tongeren,,,false
Willard Boyle,Physics,2009,true
Willard Libby,Chemistry,1960,true
Willem Einthoven,Medicine,1924,true
Willem Koster,,,false
Willem Suringar,,,false
Willem de Vriese,,,false
Willem s-Gravesande,,,false
William Allen,,,false
William Beaman,,,false
William Beeman,,,false
William Bragg,Physics,1915,true
William Bray,,,false
William Brooks,,,false
William Brown,,,false
William Campbell,Medicine,2015,true
William Campbell,,,false
William Castle,,,false
William Cheselden,,,false
William Clark,,,false
William Cort,,,false
William Cullen,,,false
William Dittmar,,,false
William Eberhardt,,,false
William Evans,,,false
William Farlow,,,false
William Felsing,,,false
William Fowler,Physics,1983,true
William Giauque,Chemistry,1949,true
William Gies,,,false
William Gordon,,,false
William Gregory,,,false
William Halliburton,,,false
William Hallock,,,false
William Halsted,,,false
William Hamilton,,,false
William Harkins,,,false
William Harvey,,,false
William Hayes,,,false
William Henry,,,false
William Hodge,,,false
William Hopkins,,,false
William Horner,,,false
William Houston,,,false
William Howell,,,false
William Hunter,,,false
William James,,,false
William Johnson,,,false
William Kaelin,Medicine,2019,true
William Klemperer,,,false
William Knowles,Chemistry,2001,true
William Konigsberg,,,false
William Lewis,,,false
William Lipscomb,Chemistry,1976,true
William Livingston,,,false
William MacKenzie,,,false
William Magie,,,false
William McCann,,,false
William McPherson,,,false
William Mills,,,false
William Mixter,,,false
William Moerner,Chemistry,2014,true
William Murphy,Medicine,1934,true
William Niven,,,false
William Noyes,,,false
William Osler,,,false
William Oughtred,,,false
William Parham,,,false
William Park,,,false
William Perkin,,,false
William Perlzweig,,,false
William Peterson,,,false
William Petty,,,false
William Phillips,Physics,1997,true
William Pope,,,false
William Press,,,false
William Preyer,,,false
William Ramsay,Chemistry,1904,true
William Rose,,,false
William Sedgwick,,,false
William Sharpe,Economics,1990,true
William Sharpey,,,false
William Shockley,Physics,1956,true
William Smythe,,,false
William Stadie,,,false
William Stein,Chemistry,1972,true
William Story,,,false
William Sumner,,,false
William Swann,,,false
William Taliaferro,,,false
William Thomson,,,false
William Tottingham,,,false
William Trelease,,,false
William Watson,,,false
William Welch,,,false
William Whewell,,,false
William Whiston,,,false
William Wollaston,,,false
William Woodward,,,false
William Young,,,false
William von Eggers Doering,,,false
Willibrord Snellius,,,false
Willis Jackson,,,false
Willis Lamb,Physics,1955,true
Wilson Baker,,,false
Wilson Stone,,,false
Wisle Robinson,,,false
Woldemar Voigt,,,false
Wolferd Senguerd,,,false
Wolfgang Capito,,,false
Wolfgang Franz,,,false
Wolfgang Hoffmann,,,false
Wolfgang Ketterle,Physics,2001,true
Wolfgang Kohler,,,false
Wolfgang Panofsky,,,false
Wolfgang Paul,Physics,1989,true
Wolfgang Pauli,Physics,1945,true
Wolfie Traub,,,false
Wolter Forsten Verschuir,,,false
Wouter van Doeveren,,,false
Wright Wilson,,,false
Yoichiro Nambu,Physics,2008,true
Yoshimasa Hirata,,,false
Yoshinori Ohsumi,Medicine,2016,true
Yoshio Nishina,,,false
Youyou Tu,Medicine,2015,true
Yuan Lee,Chemistry,1986,true
Yuri Krutkov,,,false
Yves Chabbert,,,false
Zanvil Cohn,,,false
Zdenko Skraup,,,false
Zhicen Lou,,,false
Zhores Alferov,Physics,2000,true
